"(Parent) ASIN","(Child) ASIN","Title","SKU","Sessions","Session Percentage","Page Views","Page Views Percentage","Buy Box Percentage","Units Ordered","Units Ordered - B2B","Unit Session Percentage","Unit Session Percentage - B2B","Ordered Product Sales","Ordered Product Sales - B2B","Total Order Items","Total Order Items - B2B"
"B07V5QL5GJ","B07MTP9LB3","2 Pack of 50 Ft Black Extension Cord - 16/3 Durable Electrical Cable Pack","OS-IFC-163B50-PK2","108","0.75%","150","0.79%","83%","72","14","66.67%","12.96%","$2,455.31","$497.86","45","8"
"B095XKCPWB","B074DY8MMH","Barcaloo Ring Toss Game - Wall Hanging Hook and Ring Game for Kids and Adults - Includes 13 Metal Hooks and 12 Rubber Rings","OS-BCL-HTOSS-A","44","0.30%","58","0.31%","100%","13","5","29.55%","11.36%","$259.87","$99.95","13","5"
"B082MNRGZW","B074SP7TK3","Barcaloo 1000 Piece Building Bricks Set- 10 Classic Colors Guaranteed Tight Fit, Compatible with All Major Brands","OS-BCL-B1000R-FN","224","1.55%","327","1.72%","99%","89","29","39.73%","12.95%","$2,135.11","$695.71","58","5"
"B08Z2XNQWH","B07B42HY4H","Thonapa 30 Ft Retractable Extension Cord Reel with Breaker Switch and 3 Electrical Power Outlets - 16/3 SJTW Durable Orange Cable - Perfect for Hanging from Your Garage Ceiling","OS-TH-163CR30-BRK","134","0.92%","180","0.95%","96%","43","4","32.09%","2.99%","$1,676.57","$155.96","32","4"
"B0942FF371","B07B42RLVF","Thonapa 25 Foot Outdoor Extension Cord - 12/3 Heavy Duty Yellow Extension Cable with 3 Prong Grounded Plug for Safety - Great for Garden and Major Appliances","OS-TH-123Y25-FN","47","0.32%","63","0.33%","98%","27","4","57.45%","8.51%","$754.41","$108.90","27","4"
"B07HKNMZ86","B01N4GCZMK","50 Ft Outdoor Extension Cord - 16/3 Durable Black Cable with 3 Prong Grounded Plug for Safety","OS-IFC-163B50","120","0.83%","148","0.78%","89%","56","3","46.67%","2.50%","$1,546.16","$82.83","47","3"
"B0942FF371","B07B42HXKD","Thonapa 10 Foot Lighted Outdoor Extension Cord - 12/3 SJTW Heavy Duty Yellow Extension Cable with 3 Prong Grounded Plug for Safety - Great for Garden and Major Appliances","OS-TH-123Y10-FN","151","1.04%","189","1.00%","99%","48","4","31.79%","2.65%","$1,055.52","$87.96","45","3"
"B08YP68P3T","B07S29WFW6","Thonapa 2 Pack of 15 Ft Black Extension Cords - 16/3 Heavy Duty Outdoor Electrical Cable with 3 Prong Grounded Plug for Safety","OS-TH-163B15-2PK-FN","28","0.19%","51","0.27%","69%","72","59","257.14%","210.71%","$1,277.29","$1,061.41","14","3"
"B08YP68P3T","B07S29WFW6","Thonapa 2 Pack of 15 Ft Black Extension Cords - 16/3 Heavy Duty Outdoor Electrical Cable with 3 Prong Grounded Plug for Safety","OS-TH-163B15-2PK","28","0.19%","51","0.27%","69%","31","8","110.71%","28.57%","$526.69","$135.92","11","3"
"B019PC59SG","B019PC59SG","Play Platoon H2PONG Inflatable Beer Pong Raft, Includes 5 Ping Pong Balls - Floating Pool Party Game Float Set","OS-PP-INPONGR","116","0.80%","165","0.87%","78%","18","2","15.52%","1.72%","$665.82","$73.98","18","2"
"B01LR30Y6S","B077XN75ZG","Weather Resistant Cornhole Bean Bags Set of 8 - Regulation Size & Weight - White & Black","OS-PP-CH-WHBK","69","0.48%","79","0.42%","85%","26","2","37.68%","2.90%","$649.74","$49.98","24","2"
"B0942VM6QJ","B07B41HM68","Thonapa 2Ft Outdoor Extension Cord - 12/3 Heavy Duty Yellow 3 Prong Extension Cable with 3 Electrical Power Outlets - Great for Garden & Major Appliances","OS-TH-123Y2P-FN","41","0.28%","53","0.28%","96%","31","13","75.61%","31.71%","$315.85","$129.87","15","2"
"B07HBBXBQG","B07B8CZBCV","Barcaloo 20 Rock Climbing Wall Hand Holds for Kids for Outdoor Playground - Includes Mounting Hardware","OS-BCL-CROCK20-A","20","0.14%","31","0.16%","100%","5","3","25.00%","15.00%","$119.85","$71.91","4","2"
"B01LR30Y6S","B07LG9QM4J","Weather Resistant Cornhole Bean Bags Set of 8 - Orange & Blue","OS-PP-CH-ORBL","109","0.75%","136","0.72%","82%","43","5","39.45%","4.59%","$859.57","$99.95","40","2"
"B07PP47C1G","B07PP46PDV","Ilyapa Contemporary Half Dome Heavy Duty Floor Mounted Door Stop with Rubber Bumper - Matte Black 5 Pack","OS-IL-DS-FM-BK5","25","0.17%","37","0.19%","100%","21","6","84.00%","24.00%","$398.79","$113.94","13","2"
"B07BK7BKNZ","B07Q4FFRZK","Barcaloo Cornhole Bean Bags Set of 8 - Weather Resistant Duck Cloth, Regulation Size & Weight - Royal Blue & Black","OS-BCL-CH-BLBK","165","1.14%","205","1.08%","98%","53","3","32.12%","1.82%","$903.27","$50.97","50","2"
"B0913H3LXD","B07RZ9FLJZ","Thonapa 2 Pack of 6 Ft White Extension Cords - 16/3 Durable Indoor Outdoor Electrical Cable with 3 Prong Grounded Plug for Safety","OS-TH-163W06-2PK-FN","20","0.14%","34","0.18%","100%","25","6","125.00%","30.00%","$374.75","$89.94","19","2"
"B08L449YXM","B081HYXYCW","50 Foot Outdoor Extension Cord with 3 Electrical Power Outlets - 16/3 Durable Green Power Cable","OS-TH-163G50P","22","0.15%","27","0.14%","100%","17","2","77.27%","9.09%","$382.69","$44.23","14","2"
"B08L449YXM","B081J8J3PV","15 Foot Outdoor Extension Cord with 3 Electrical Power Outlets - 16/3 Durable Green Power Cable","OS-TH-163G15P","27","0.19%","29","0.15%","100%","13","2","48.15%","7.41%","$181.87","$27.98","13","2"
"B082DH44BR","B082DHP3J6","Playground Safety Handles 4 Pack Color Combination Set – Set of 2 Green and 2 Yellow Grab Handle Safety Bars for Jungle Gym","OS-BCL-PG-SHANDLE-GNYE","69","0.48%","91","0.48%","98%","46","2","66.67%","2.90%","$643.62","$27.94","38","2"
"B082DH44BR","B082DJ666Q","Playground Equipment Set with Kids Pirate Telescope, Steering Wheel & Safety Handle Bars for Jungle Gym","OS-BCL-PG-PTBUND","53","0.37%","79","0.42%","100%","28","2","52.83%","3.77%","$958.96","$59.98","28","2"
"B07GZYPN6T","B015QDLQGC","Play Platoon Ring Toss Game - Backyard Games for Kids - Includes 8 Rope & 8 Plastic Rings and Carry Bag","OS-PP-RINGTOSS","93","0.64%","129","0.68%","34%","11","1","11.83%","1.08%","$219.89","$19.99","11","1"
"B07HGC2RJL","B01BYK3KR4","Play Platoon Parachute 6 Foot for Kids with 8 Handles Play Parachute - Multicolored Parachute","OS-PP-PARA6","88","0.61%","104","0.55%","14%","3","1","3.41%","1.14%","$49.47","$16.49","3","1"
"B097HL6Z14","B01JMZX46U","Ilyapa Oil Rubbed Bronze Kitchen Cabinet Knobs - 1 1/4 Inch Round Drawer Handles - 10 Pack of Kitchen Cabinet Hardware","OS-IL-CABKRB-B10","45","0.31%","58","0.31%","91%","9","1","20.00%","2.22%","$154.91","$16.99","9","1"
"B08W9K4BGM","B01N9JZAN9","30Ft Retractable Extension Cord Reel with Breaker Switch & 3 Electrical Power Outlets - 16/3 SJTW Durable Yellow Cable - Perfect for Hanging from Your Garage Ceiling","OS-IFC-163CR30-BRK","258","1.78%","322","1.70%","73%","31","2","12.02%","0.78%","$1,318.50","$87.90","25","1"
"B071415ZJW","B071415ZJW","Barcaloo Kids Playground Steering Wheel - Pirate Ship Wheel for Jungle Gym or Swing Set","OS-BCL-PG-PWHEEL12-FN","47","0.32%","54","0.28%","100%","50","1","106.38%","2.13%","$832.51","$16.99","47","1"
"B01LR30Y6S","B0785GJ9LF","Weather Resistant Cornhole Bean Bags Set of 8 - Regulation Size & Weight - Hunter Green & Black","OS-PP-CH-HGBK","131","0.90%","165","0.87%","48%","22","1","16.79%","0.76%","$416.90","$18.95","22","1"
"B07HB8XJ8T","B078SGSWYM","Glass Beer Bottles for Home Brewing - Square 12 Pack with Flip Caps and Funnel","OS-BCL-SQBTL8C-12-A","131","0.90%","188","0.99%","95%","35","2","26.72%","1.53%","$886.63","$49.98","26","1"
"B0942FF371","B07B3ZJWHJ","Thonapa 100 Foot Outdoor Extension Cord - 12/3 Heavy Duty Yellow Extension Cable with 3 Prong Grounded Plug for Safety - Great for Garden and Major Appliances","OS-TH-123Y100-FN","47","0.32%","56","0.29%","98%","9","1","19.15%","2.13%","$656.91","$72.99","9","1"
"B08L44X532","B07B428KVR","Thonapa 100 Ft Outdoor Extension Cord - 16/3 Durable Green Cable with 3 Prong Grounded Plug for Safety - Great for Christmas Lights, Garden and Major Appliances","OS-TH-163G100-FN","50","0.35%","66","0.35%","98%","15","1","30.00%","2.00%","$614.85","$40.99","14","1"
"B08Z2XNQWH","B07B42HY4H","Thonapa 30 Ft Retractable Extension Cord Reel with Breaker Switch and 3 Electrical Power Outlets - 16/3 SJTW Durable Orange Cable - Perfect for Hanging from Your Garage Ceiling","OS-TH-163CR30-BRK-FN","134","0.92%","180","0.95%","96%","9","1","6.72%","0.75%","$350.91","$38.99","8","1"
"B08YP68P3T","B07B42Q3R9","Thonapa 6 Ft Black Extension Cord - 16/3 Electrical Cable with 3 Prong Grounded Plug for Safety","OS-TH-163B06-FN","59","0.41%","75","0.39%","100%","59","1","100.00%","1.69%","$634.81","$11.27","51","1"
"B08YP68P3T","B07B42YC1J","Thonapa 100 Ft Black Extension Cord - 16/3 Electrical Cable with 3 Prong Grounded Plug for Safety","OS-TH-163B100-FN","31","0.21%","43","0.23%","100%","21","5","67.74%","16.13%","$881.79","$209.95","16","1"
"B07BK7BKNZ","B07BK6CKF7","Barcaloo Cornhole Bean Bags Set of 8 - Weather Resistant Duck Cloth, Regulation Size & Weight - Silver & Black","OS-BCL-CH-SLBK","41","0.28%","46","0.24%","100%","22","2","53.66%","4.88%","$417.78","$37.98","14","1"
"B07BKBXK3W","B07BKBXK3W","Barcaloo Climbing Rope with Disc Swing Seat - Playground Equipment Set","OS-BCL-PG-DCROPE78-FN","36","0.25%","49","0.26%","100%","15","1","41.67%","2.78%","$359.25","$23.95","15","1"
"B07FFFMBRN","B07FFB622C","Ilyapa Ball Catch Door Hardware for Closet, Black 2 Pack","OS-IL-CDBC-BK2","43","0.30%","58","0.31%","71%","8","1","18.60%","2.33%","$103.92","$12.99","7","1"
"B01LR30Y6S","B07LGD61Z3","Weather Resistant Cornhole Bean Bags Set of 8 - Blue & Gray","OS-PP-CH-BLGY","196","1.35%","249","1.31%","4%","10","1","5.10%","0.51%","$179.50","$17.95","10","1"
"B097HL6Z14","B07PPV6HVJ","Ilyapa Oil Rubbed Bronze Kitchen Cabinet Knobs - Round Ringed Drawer Handles - 25 Pack of Kitchen Cabinet Hardware","OS-IL-CABKRG-B25","28","0.19%","41","0.22%","17%","1","1","3.57%","3.57%","$29.99","$29.99","1","1"
"B07BK7BKNZ","B07Q3HF36T","Barcaloo Cornhole Bean Bags Set of 8 - Weather Resistant Duck Cloth, Regulation Size & Weight - Yellow & Blue","OS-BCL-CH-BLYE","43","0.30%","51","0.27%","100%","29","1","67.44%","2.33%","$521.71","$17.99","26","1"
"B07BK7BKNZ","B07Q3HHCH9","Barcaloo Cornhole Bean Bags Set of 8 - Weather Resistant Duck Cloth, Regulation Size & Weight - Orange & Royal Blue","OS-BCL-CH-ORBL","79","0.55%","98","0.52%","100%","20","3","25.32%","3.80%","$359.80","$53.97","17","1"
"B08YP68P3T","B07S2CNPSX","Thonapa 2 Pack of 10 Ft Black Extension Cords - 16/3 Heavy Duty Outdoor Electrical Cable with 3 Prong Grounded Plug for Safety","OS-TH-163B10-2PK-FN","66","0.46%","95","0.50%","99%","12","1","18.18%","1.52%","$215.88","$16.99","12","1"
"B07VRSV5PP","B07VNNPVND","Punchau Cornhole Bags - All Weather Set of 8 Corn Hole Bean Bags - Regulation Size & Weight - 4 Stars & 4 Stripes","OS-PUN-CH-FLAG","27","0.19%","30","0.16%","100%","8","1","29.63%","3.70%","$183.92","$22.99","8","1"
"B09153LDGY","B07ZDG2LL9","Thonapa 15 Ft Black Extension Cord 2 Pack - 16/2 Durable Electrical Cable","OS-TH-162B15-2PK","16","0.11%","21","0.11%","100%","7","1","43.75%","6.25%","$90.14","$12.55","7","1"
"B09153LDGY","B07ZDG8CWS","Thonapa 6 Ft Black Extension Cord 2 Pack - 16/2 Durable Electrical Cable","OS-TH-162B6-2PK","13","0.09%","20","0.11%","100%","3","1","23.08%","7.69%","$26.97","$8.99","3","1"
"B07PDZY8VY","B07ZTHNXWG","Professional Cornhole Bags - Set of 8 Regulation All Weather Two Sided Bean Bags for Pro Corn Hole Game - 4 Royal Blue & 4 Gray","OS-PP-CHPRO2-BLGY","293","2.02%","386","2.03%","20%","7","1","2.39%","0.34%","$179.94","$29.99","6","1"
"B07PDZY8VY","B07ZTN6Y6D","Professional Cornhole Bags - Set of 8 Regulation All Weather Two Sided Bean Bags for Pro Corn Hole Game - 4 Orange & 4 Black","OS-PP-CHPRO2-ORBK","118","0.81%","154","0.81%","24%","16","3","13.56%","2.54%","$434.85","$86.97","14","1"
"B07BK7BKNZ","B07ZTNWMRQ","Barcaloo Cornhole Bean Bags Set of 8 - Weather Resistant Duck Cloth, Regulation Size & Weight - Navy Blue & Gray Blue & Hunter Green","OS-BCL-CH-HGNB","39","0.27%","48","0.25%","100%","8","1","20.51%","2.56%","$159.92","$19.99","8","1"
"B07BK7BKNZ","B07ZTNZWJR","Barcaloo Cornhole Bean Bags Set of 8 - Weather Resistant Duck Cloth, Regulation Size & Weight - Navy Blue & Orange","OS-BCL-CH-ORNB","31","0.21%","33","0.17%","100%","12","1","38.71%","3.23%","$227.88","$18.99","12","1"
"B07BK7BKNZ","B07ZTQ53BM","Barcaloo Cornhole Bean Bags Set of 8 - Weather Resistant Duck Cloth, Regulation Size & Weight - Hunter Green & Gray","OS-BCL-CH-HGGY","62","0.43%","70","0.37%","100%","14","1","22.58%","1.61%","$259.73","$18.78","13","1"
"B0913H3LXD","B081HYJMMH","20 Ft White Extension Cord - 16/3 Durable Outdoor Electrical Cable","OS-TH-163W20-FN","18","0.12%","29","0.15%","90%","14","2","77.78%","11.11%","$168.87","$25.98","12","1"
"B0913H3LXD","B081HYJMMH","20 Ft White Extension Cord - 16/3 Durable Outdoor Electrical Cable","OS-TH-163W20","18","0.12%","29","0.15%","90%","8","2","44.44%","11.11%","$111.92","$27.98","7","1"
"B0949TJKTB","B081J1QVTW","8 Ft Extension Cord with 3 Electrical Power Outlets- 16/3 Durable Black Cable","OS-TH-163B08P3","21","0.14%","28","0.15%","100%","11","1","52.38%","4.76%","$76.89","$6.99","11","1"
"B07B83RC6V","B082DJBGL1","Barcaloo Rock Climbing Wall Hand Holds for Kids for Outdoor Playground - Pack of 10","OS-BCL-PG-CRBUND","32","0.22%","61","0.32%","97%","15","1","46.88%","3.13%","$449.41","$29.95","14","1"
"B086H44FMC","B086H44FMC","Barcaloo Giant Wooden Yard Dice - Yardzee Outdoor Game Set 3.5 inch- 6 Jumbo Dice, Scoreboard and Durable Carrying Bag - Fun for All Age and Occasion","OS-BCL-DICE-6PK","24","0.17%","28","0.15%","100%","7","1","29.17%","4.17%","$188.93","$26.99","7","1"
"B0942FF371","B0876CYMR1","10 Ft Outdoor Extension Cord, 2 Pack - 12/3 Heavy Duty Yellow Extension Cable with 3 Prong Grounded Plug for Safety - Great for Garden and Major Appliances","OS-TH-123Y10-2PK","21","0.14%","29","0.15%","100%","28","1","133.33%","4.76%","$811.72","$28.99","27","1"
"B088P7JWVS","B088P89K41","Play Platoon Hook and Ring Game with Bottle Opener and Magnetic Cap Catch - Ring Toss Game for Adults, Rustic Wood","OS-PP-HKRING-BN-A","231","1.59%","283","1.49%","100%","62","1","26.84%","0.43%","$1,983.38","$31.99","61","1"
"B08657CFDJ","B08B16G7T3","Waterproof Extension Cord Connection Box - Black Weatherproof Outdoor Box for Electrical Connections","OS-TH-WPB-BK","79","0.55%","96","0.51%","100%","21","1","26.58%","1.27%","$600.87","$28.00","20","1"
"B096BLQX96","B08J7FS7NR","50 Ft Retractable Extension Cord Reel - 14/3 SJTW Heavy Duty Orange Cable - 2 In 1 Mountable & Portable Power Cord Reel with 3 Electrical Outlets","OS-TH-143CR50-ORGY","49","0.34%","68","0.36%","94%","5","1","10.20%","2.04%","$382.98","$76.00","5","1"
"B082DH44BR","B08MQR1FQL","Barcaloo Playground Safety Handles – Red Grab Handle Bars for Jungle Gym","OS-BCL-PG-SHANDLE-RE","21","0.14%","29","0.15%","100%","21","1","100.00%","4.76%","$167.25","$7.95","15","1"
"B082DH44BR","B08MQR2QP8","Barcaloo Playground Safety Handles – Blue Grab Handle Bars for Jungle Gym","OS-BCL-PG-SHANDLE-BL","19","0.13%","25","0.13%","96%","4","1","21.05%","5.26%","$45.54","$12.78","4","1"
"B08YP6ZSSF","B08NK6KHXK","25 Foot Outdoor Extension Cord with 3 Electrical Power Outlets - 10/3 SJTW Neon Green 10 Gauge Cable with 3 Prong Grounded Plug for Safety","OS-TH-103NG25P","37","0.26%","54","0.28%","100%","3","1","8.11%","2.70%","$125.98","$44.64","3","1"
"B08YP68P3T","B08NK7MBLY","Thonapa 75 Ft Black Extension Cord - 16/3 Electrical Cable with 3 Prong Grounded Plug for Safety","OS-TH-163B75","17","0.12%","21","0.11%","100%","17","1","100.00%","5.88%","$577.83","$33.99","15","1"
"B08YP12CH3","B08NKC7MFM","3 Prong Dryer Extension Cord, Gray - 6 Foot Power Cord, 10/3 SRDT, 30 Amp, NEMA 10-30 Plug","OS-TH-103DRY-GY06","33","0.23%","42","0.22%","98%","19","1","57.58%","3.03%","$322.81","$16.99","19","1"
"B08YP13ZJV","B08NKDFHD8","4 Prong Dryer Extension Cord, Black - 10 Foot Power Cord, 10/4 SRDT, 30 Amp, NEMA 14-30 Plug","OS-TH-104DRY-BK10","31","0.21%","43","0.23%","100%","13","1","41.94%","3.23%","$357.87","$26.99","13","1"
"B08ZGNTX4V","B08NWDZ8FY","14/2 Low Voltage Landscape Wire, 250 Ft - Black Outdoor Low-Voltage Cable for Landscape Lighting","OS-TH-LV142B250","18","0.12%","26","0.14%","100%","13","1","72.22%","5.56%","$1,000.87","$76.99","11","1"
"B098RDSR3F","B08Q6LZWM6","Satin Nickel Kitchen Cabinet Knobs - Square Beveled Drawer Handles - 30 Pack of Kitchen Cabinet Hardware","OS-BCL-CKSQ-S30","51","0.35%","71","0.37%","99%","6","1","11.76%","1.96%","$207.94","$49.99","6","1"
"B098RDSR3F","B08Q6Q6NMN","Oil Rubbed Bronze Kitchen Cabinet Knobs - Round Beveled Drawer Handles - 10 Pack of Kitchen Cabinet Hardware","OS-BCL-CKRB-B10","43","0.30%","53","0.28%","100%","3","1","6.98%","2.33%","$65.97","$29.99","3","1"
"B098RDSR3F","B08Q6S3XH5","Oil Rubbed Bronze Kitchen Cabinet Knobs - Round Drawer Handles - 30 Pack of Kitchen Cabinet Hardware","OS-BCL-CKRD-B30","43","0.30%","62","0.33%","100%","8","2","18.60%","4.65%","$273.92","$69.98","6","1"
"B097HL6Z14","B01JMZX7L2","Ilyapa Oil Rubbed Bronze Kitchen Cabinet Knobs - 1 1/4 Inch Round Drawer Handles - 25 Pack of Kitchen Cabinet Hardware","OS-IL-CABKRB-B25","171","1.18%","225","1.18%","20%","1","0","0.58%","0.00%","$25.99","$0.00","1","0"
"B01LR30Y6S","B01K4ZDLII","Play Platoon Premium Weather Resistant Duck Cloth Cornhole Bags - Set of 8 Bean Bags for Corn Hole Game - 4 Silver & 4 Black","OS-PP-CH-SLBK","256","1.77%","323","1.70%","7%","6","0","2.34%","0.00%","$107.94","$0.00","6","0"
"B01LR30Y6S","B01K4ZDO0S","Premium Weather Resistant Duckcloth Cornhole Bags - Set of 8 Bean Bags for Corn Hole Game - Regulation Size & Weight - 4 Red & 4 Gray","OS-PP-CH-REGY","145","1.00%","180","0.95%","3%","6","0","4.14%","0.00%","$119.94","$0.00","6","0"
"B01LR30Y6S","B01K4ZDO2G","Play Platoon Premium Weather Resistant Duck Cloth Cornhole Bags - Set of 8 Bean Bags for Corn Hole Game - 4 Red & 4 Black.","OS-PP-CH-REBK","874","6.03%","1,216","6.40%","1%","6","0","0.69%","0.00%","$107.70","$0.00","6","0"
"B07JBH4QN7","B01N6J7ORA","6 Ft White Extension Cord - 16/3 Durable Electrical Cable","OS-IFC-163W06","66","0.46%","105","0.55%","89%","50","0","75.76%","0.00%","$473.50","$0.00","49","0"
"B01LR30Y6S","B06XG58CYY","Weather Resistant Cornhole Bean Bags - Set of 8 American Flag Corn Hole Bags (Stars & Stripes) - Regulation Size & Weight","OS-PP-CH-STAR","1,257","8.67%","1,699","8.95%","0%","3","0","0.24%","0.00%","$89.97","$0.00","3","0"
"B071415Z62","B071415Z62","Trapeze Bar Rings for Swing Set - 18"" Bar with 48"" Heavy Duty Chain – Outdoor Playground Equipment Swing Bar","OS-BCL-PG-TRAP18-FN","6","0.04%","8","0.04%","100%","1","0","16.67%","0.00%","$26.95","$0.00","1","0"
"B082DH44BR","B071YWYQC3","Playground Safety Handles – Green Grab Handle Bars for Jungle Gym","OS-BCL-PG-SHANDLE-FN","114","0.79%","161","0.85%","96%","114","0","100.00%","0.00%","$907.52","$0.00","88","0"
"B074CKM63W","B074CKM63W","Barcaloo Kids Playground Telescope – Pirate Telescope for Swing Set or Jungle Gym","OS-BCL-PG-TELES14-FN","101","0.70%","131","0.69%","100%","71","0","70.30%","0.00%","$688.98","$0.00","64","0"
"B07NY3QN8X","B074CL83H1","Ilyapa Blank Cards with Envelopes - 48 Pack Blank Greeting Cards Assortment for All Occasions - Six Unique Designs","OS-BCL-GC-AO3-48CT","100","0.69%","113","0.60%","100%","6","0","6.00%","0.00%","$93.94","$0.00","6","0"
"B074CMQ21P","B074CMQ21P","Barcaloo 6.5 Ft Playground Climbing Rope for Swing Set or Jungle Gym – Ninja Rope Outdoor Playground Equipment","OS-BCL-PG-CROPE78-FN","18","0.12%","24","0.13%","83%","7","0","38.89%","0.00%","$117.13","$0.00","7","0"
"B07NY3QN8X","B074CMZ8N2","Ilyapa Blank Cards with Envelopes - 36 Pack Blank Greeting Cards Assortment for All Occasions - Six Unique Flower Designs","OS-BCL-GC-FL3-36CT","45","0.31%","60","0.32%","100%","8","0","17.78%","0.00%","$111.92","$0.00","8","0"
"B07HBDCMFZ","B074ST7J46","Barcaloo 10 Inch x 10 Inch Baseplate for Building Bricks - Blue 4 Pack Classic Baseplates Compatible with All Major Brands","OS-BCL-BLCBB4-FN","13","0.09%","16","0.08%","94%","1","0","7.69%","0.00%","$12.99","$0.00","1","0"
"B07HBDCMFZ","B074SW4JBJ","Peel-and-Stick Baseplates - 10 Inch x 10 Inch Baseplate - 4 Pack (2 Blue, 2 Green) Compatible with All Major Brands","OS-BCL-BLCBGB4-ADH-FN","27","0.19%","40","0.21%","100%","23","0","85.19%","0.00%","$402.87","$0.00","18","0"
"B07HBDCMFZ","B074SWQ9TB","Barcaloo 10 Inch x 10 Inch Baseplate for Building Bricks - Green 4 Pack Classic Baseplates Compatible with All Major Brands","OS-BCL-BLCBG4-FN","23","0.16%","27","0.14%","100%","6","0","26.09%","0.00%","$77.94","$0.00","5","0"
"B07HBDCMFZ","B074SWX3W8","Barcaloo Building Bricks - 10 inch x 10 inch Baseplate - Variety 6 Pack Compatible with all Major Brands","OS-BCL-BLCBGB6-FN","20","0.14%","21","0.11%","100%","3","0","15.00%","0.00%","$46.77","$0.00","3","0"
"B07HBDCMFZ","B074T1R2BN","Barcaloo Building Bricks - 10 Inch x 10 Inch Stackable Baseplates - Variety 6 Pack Compatible with All Major Brands","OS-BCL-BLBV6-FN","10","0.07%","11","0.06%","91%","2","0","20.00%","0.00%","$33.98","$0.00","2","0"
"B07HBDCMFZ","B074T2T5CH","Peel-and-Stick Baseplates - 10 Inch x 10 Inch Baseplate - Blue 4 Pack Compatible with All Major Brands","OS-BCL-BLCBB4-ADH-FN","47","0.32%","64","0.34%","100%","21","0","44.68%","0.00%","$377.79","$0.00","7","0"
"B07HBDCMFZ","B074T2TZDR","Barcaloo 10 Inch x 10 Inch Baseplate for Building Bricks - 4 Pack (2 Blue, 2 Green) Classic Baseplates Compatible with All Major Brands","OS-BCL-BLCBGB4-FN","37","0.26%","42","0.22%","100%","6","0","16.22%","0.00%","$77.94","$0.00","6","0"
"B07HBDCMFZ","B074T32DSG","Peel-and-Stick Baseplates - 10 Inch x 10 Inch Baseplate - Green 4 Pack Compatible with All Major Brands","OS-BCL-BLCBG4-ADH-FN","17","0.12%","25","0.13%","100%","9","0","52.94%","0.00%","$157.41","$0.00","6","0"
"B01LR30Y6S","B077XMJPF3","Weather Resistant Cornhole Bean Bags Set of 8 - Regulation Size & Weight - Hunter Green & Navy Blue","OS-PP-CH-HGNB","94","0.65%","118","0.62%","75%","36","0","38.30%","0.00%","$649.64","$0.00","36","0"
"B08L449YXM","B07B41Q4BP","Thonapa 25 Ft Outdoor Extension Cord with 3 Electrical Power Outlets - 16/3 SJTW Durable Green Cable - Great for Garden and Major Appliances","OS-TH-163G25P-FN","17","0.12%","18","0.09%","100%","6","0","35.29%","0.00%","$99.94","$0.00","5","0"
"B08YP68P3T","B07B41S74B","Thonapa 25 Ft Black Extension Cord - 16/3 Electrical Cable with 3 Prong Grounded Plug for Safety","OS-TH-163B25-FN","8","0.06%","9","0.05%","100%","5","0","62.50%","0.00%","$79.95","$0.00","4","0"
"B0864Y5VK1","B07B41YP17","Thonapa 15 Ft Extension Cord with 3 Electrical Power Outlets - 16/3 Durable White Cable","OS-TH-163W15P3","8","0.06%","8","0.04%","100%","2","0","25.00%","0.00%","$23.98","$0.00","2","0"
"B0864Y5VK1","B07B42252T","Thonapa 25 Ft Extension Cord with 3 Electrical Power Outlets - 16/3 Durable White Cable","OS-TH-163W25P3-FN","24","0.17%","30","0.16%","100%","7","0","29.17%","0.00%","$112.93","$0.00","6","0"
"B08YP68P3T","B07B42BTXG","Thonapa 15 Ft Black Extension Cord - 16/3 Electrical Cable with 3 Prong Grounded Plug for Safety","OS-TH-163B15-FN","12","0.08%","13","0.07%","69%","15","0","125.00%","0.00%","$195.33","$0.00","4","0"
"B0942FF371","B07B42DR51","Thonapa 50 Foot Lighted Outdoor Extension Cord - 12/3 SJTW Heavy Duty Yellow Extension Cable with 3 Prong Grounded Plug for Safety - Great for Garden and Major Appliances","OS-TH-123Y50","21","0.14%","28","0.15%","100%","4","0","19.05%","0.00%","$179.96","$0.00","4","0"
"B0942FF371","B07B42DR51","Thonapa 50 Foot Lighted Outdoor Extension Cord - 12/3 SJTW Heavy Duty Yellow Extension Cable with 3 Prong Grounded Plug for Safety - Great for Garden and Major Appliances","OS-TH-123Y50-FN","21","0.14%","28","0.15%","100%","6","0","28.57%","0.00%","$276.62","$0.00","6","0"
"B08YP68P3T","B07B42HR7C","Thonapa 10 Ft Black Extension Cord - 16/3 Electrical Cable with 3 Prong Grounded Plug for Safety","OS-TH-163B10-FN","49","0.34%","63","0.33%","98%","37","0","75.51%","0.00%","$495.93","$0.00","37","0"
"B08YP68P3T","B07B42MJ7Y","Thonapa 50 Ft Black Extension Cord - 16/3 Heavy Duty Electircal Cable with 3 Prong Grounded Plug for Safety","OS-TH-163B50","14","0.10%","18","0.09%","100%","9","0","64.29%","0.00%","$251.91","$0.00","8","0"
"B08L44X532","B07B42MWJG","Thonapa Outdoor Extension Cord - 16/3 SJTW Durable Green Cable - Great for Garden and Major Appliances (50 Foot)","OS-TH-163G50-FN","18","0.12%","24","0.13%","100%","10","0","55.56%","0.00%","$252.29","$0.00","10","0"
"B08L44X532","B07B42PRY5","Thonapa 25 Ft Outdoor Extension Cord - 16/3 SJTW Durable Green Cable - Great for Christmas Lights, Garden and Major Appliances","OS-TH-163G25-FN","25","0.17%","32","0.17%","100%","10","0","40.00%","0.00%","$149.90","$0.00","8","0"
"B08L44X532","B07B42PRY5","Thonapa 25 Ft Outdoor Extension Cord - 16/3 SJTW Durable Green Cable - Great for Christmas Lights, Garden and Major Appliances","OS-TH-163G25","25","0.17%","32","0.17%","100%","2","0","8.00%","0.00%","$29.98","$0.00","2","0"
"B08L449YXM","B07B42SGHZ","Thonapa 10 Ft Outdoor Extension Cord with 3 Electrical Power Outlets - 16/3 Durable Green Cable - Great for Christmas Lights, Garden and Major Appliances","OS-TH-163G10P-FN","8","0.06%","11","0.06%","100%","2","0","25.00%","0.00%","$25.98","$0.00","2","0"
"B08Y64S8WS","B07B436F7H","Thonapa 3 Foot Lighted Outdoor GFCI Extension Cord - 12/3 SJTW Heavy Duty Yellow Pigtail Extension Cable with 3 Prong Grounded Plug for Safety","OS-TH-123YGFCI-FN","32","0.22%","40","0.21%","100%","9","0","28.13%","0.00%","$243.30","$0.00","8","0"
"B0949TJKTB","B07B9FFS11","Thonapa 25 Ft Extension Cord with 3 Electrical Power Outlet - 16/3 Durable Black Cable","OS-TH-163B25P3-FN","12","0.08%","12","0.06%","100%","3","0","25.00%","0.00%","$38.97","$0.00","3","0"
"B07BK7BKNZ","B07BK6DZQL","Barcaloo Cornhole Bean Bags Set of 8 - Weather Resistant Duck Cloth, Regulation Size & Weight - Red & Blue","OS-BCL-CH-REBL","16","0.11%","18","0.09%","100%","3","0","18.75%","0.00%","$55.47","$0.00","3","0"
"B07BK7BKNZ","B07BK6QMR4","Barcaloo Cornhole Bean Bags Set of 8 - Weather Resistant Duck Cloth, Regulation Size & Weight - Red & Gray","OS-BCL-CH-REGY","87","0.60%","107","0.56%","91%","37","0","42.53%","0.00%","$692.40","$0.00","26","0"
"B07BK7BKNZ","B07BK75S5B","Barcaloo Cornhole Bean Bags Set of 8 - Weather Resistant Duck Cloth, Regulation Size & Weight - Stars & Stripes","OS-BCL-CH-STAR","15","0.10%","16","0.08%","100%","2","0","13.33%","0.00%","$45.98","$0.00","2","0"
"B07BKBYQRN","B07BKBYQRN","Barcaloo Playground Swing with Plastic Coated Chain 2 Pack - Set of Outdoor Swings for Jungle Gym","OS-BCL-PG-TSWING27-2PK-FN","7","0.05%","7","0.04%","100%","3","0","42.86%","0.00%","$97.80","$0.00","3","0"
"B01LR30Y6S","B07DRNLCYD","Play Platoon Premium Weather Resistant Duckcloth Cornhole Bags - Set of 8 Bean Bags for Corn Hole Game - Regulation Size & Weight - 4 Yellow & 4 Black","OS-PP-CH-YEBK-A","140","0.97%","171","0.90%","33%","6","0","4.29%","0.00%","$107.94","$0.00","6","0"
"B01LR30Y6S","B07DRP3QNF","Premium Weather Resistant Duckcloth Cornhole Bags - Set of 8 Halloween Bean Bags for Corn Hole Game - Regulation Size & Weight - 4 Orange & 4 Black","OS-PP-CH-ORBK-B","67","0.46%","79","0.42%","56%","3","0","4.48%","0.00%","$56.85","$0.00","3","0"
"B07YVCNZD9","B07FYWBPHR","14/2 Low Voltage Landscape Wire - 100ft Outdoor Low-Voltage Cable for Landscape Lighting, Black","OS-IFC-LV142B100","24","0.17%","24","0.13%","0%","1","0","4.17%","0.00%","$35.99","$0.00","1","0"
"B07V5QL5GJ","B07G7FPND8","2 Pack of 25 Ft Outdoor Extension Cords - 16/3 Durable Black 3 Prong Extension Cord Pack","OS-IFC-163B25-2PK","27","0.19%","42","0.22%","24%","1","0","3.70%","0.00%","$25.99","$0.00","1","0"
"B07NX22HRM","B07H5PF32S","Real Corn Filled Cornhole Bags - Set of 8 Bean Bags for Corn Hole Game - Regulation Size & Weight - Red and Black","OS-BCL-CHC-REBK","40","0.28%","43","0.23%","100%","7","0","17.50%","0.00%","$153.93","$0.00","7","0"
"B07NX22HRM","B07H5PHH9J","Real Corn Filled Cornhole Bags - Set of 8 Bean Bags for Corn Hole Game - Regulation Size & Weight - Stars and Stripes","OS-BCL-CHC-STAR","39","0.27%","49","0.26%","92%","18","0","46.15%","0.00%","$413.82","$0.00","13","0"
"B07NX22HRM","B07H5PHRCY","Barcaloo Real Corn Filled Cornhole Bags - Set of 8 Bean Bags for Corn Hole Game - Regulation Size & Weight -Blue and Black","OS-BCL-CHC-BLBK","19","0.13%","24","0.13%","100%","3","0","15.79%","0.00%","$62.97","$0.00","3","0"
"B07NX22HRM","B07H5PR9MY","Real Corn Filled Cornhole Bags - Set of 8 Bean Bags for Corn Hole Game - Regulation Size & Weight - Red and Blue","OS-BCL-CHC-REBL","11","0.08%","14","0.07%","100%","2","0","18.18%","0.00%","$43.98","$0.00","2","0"
"B01LR30Y6S","B07LG2WSMD","Weather Resistant Cornhole Bean Bags Set of 8 - Orange & Navy Blue","OS-PP-CH-ORNB","156","1.08%","199","1.05%","7%","3","0","1.92%","0.00%","$53.34","$0.00","3","0"
"B01LR30Y6S","B07LGCLN2R","Play Platoon Weather Resistant Cornhole Bean Bags Set of 8 - Blue & Yellow","OS-PP-CH-BLYE","120","0.83%","149","0.78%","50%","26","0","21.67%","0.00%","$474.75","$0.00","25","0"
"B01LR30Y6S","B07LGCLRVL","Weather Resistant Cornhole Bean Bags Set of 8 - Red & Navy Blue","OS-PP-CH-RENB","166","1.15%","215","1.13%","10%","17","0","10.24%","0.00%","$314.50","$0.00","17","0"
"B01LR30Y6S","B07LGCYN27","Weather Resistant Cornhole Bean Bags Set of 8 - Navy Blue & Yellow","OS-PP-CH-NBYE","91","0.63%","113","0.60%","14%","4","0","4.40%","0.00%","$70.18","$0.00","3","0"
"B07HKLFJGV","B07MTPKX4X","2 Pack of 25 Foot Outdoor Extension Cords - 12/3 SJTW Heavy Duty Lighted Yellow Extension Cable with 3 Prong Grounded Plug for Safety - Great for Garden and Major Appliances","OS-IFC-123Y25-PK2-A","62","0.43%","69","0.36%","7%","2","0","3.23%","0.00%","$127.94","$0.00","2","0"
"B07V5QL5GJ","B07MTQ38D2","2 Pack of 100 Ft Black Extension Cord - 16/3 Durable Electrical Cable Pack","OS-IFC-163B100-PK2","21","0.14%","26","0.14%","96%","4","0","19.05%","0.00%","$239.80","$0.00","3","0"
"B01LR30Y6S","B07MWGRNYG","Weather Resistant Cornhole Bean Bags Set of 8 - Regulation Size & Weight - Light Blue & Gray","OS-PP-CH-LBGY","77","0.53%","89","0.47%","52%","21","0","27.27%","0.00%","$418.95","$0.00","20","0"
"B094NYX3D6","B07MWKT9F4","Weather Resistant Cornhole Bean Bags Set of 8 - Regulation Size & Weight - Purple & Black","OS-PP-CH-PUBK","35","0.24%","38","0.20%","16%","3","0","8.57%","0.00%","$65.94","$0.00","3","0"
"B01LR30Y6S","B07PFXY7G2","Weather Resistant Cornhole Bags - Set of 8 Bright American Flag Bean Bags for Corn Hole Game - Regulation Size & Weight - 4 Stars & 4 Stripes","OS-PP-CH-FLAG","802","5.53%","1,052","5.54%","1%","7","0","0.87%","0.00%","$139.93","$0.00","7","0"
"B08DYDDCC4","B07PMFGNC2","Ilyapa Outdoor Glass Beverage Dispenser with Stainless Steel Spigot - 2 Gallon Drink Dispenser for Lemonade, Tea, Cold Water & More","OS-IL-2GAL-SSP-NSD","292","2.01%","394","2.07%","56%","51","0","17.47%","0.00%","$2,345.49","$0.00","40","0"
"B097HL6Z14","B07PQY5SLK","Ilyapa Oil Rubbed Bronze Kitchen Cabinet Knobs - Round Ringed Drawer Handles - 10 Pack of Kitchen Cabinet Hardware","OS-IL-CABKRG-B10","13","0.09%","22","0.12%","95%","2","0","15.38%","0.00%","$31.98","$0.00","2","0"
"B07BK7BKNZ","B07Q3GRP81","Barcaloo Cornhole Bean Bags Set of 8 - Weather Resistant Duck Cloth, Regulation Size & Weight - Orange & Black","OS-BCL-CH-ORBK","36","0.25%","41","0.22%","98%","2","0","5.56%","0.00%","$41.98","$0.00","2","0"
"B07BK7BKNZ","B07Q3HF1YW","Barcaloo Cornhole Bean Bags Set of 8 - Weather Resistant Duck Cloth, Regulation Size & Weight - Gray & Royal Blue","OS-BCL-CH-BLGY","56","0.39%","64","0.34%","100%","8","0","14.29%","0.00%","$150.68","$0.00","8","0"
"B07BK7BKNZ","B07Q3HF8PJ","Barcaloo Cornhole Bean Bags Set of 8 - Weather Resistant Duck Cloth, Regulation Size & Weight - Hunter Green & Black","OS-BCL-CH-HGBK","166","1.15%","202","1.06%","97%","34","0","20.48%","0.00%","$577.66","$0.00","31","0"
"B07BK7BKNZ","B07Q5J93RG","Barcaloo Cornhole Bean Bags Set of 8 - Weather Resistant Duck Cloth, Regulation Size & Weight - Yellow & Black","OS-BCL-CH-YEBK","78","0.54%","88","0.46%","100%","22","0","28.21%","0.00%","$395.91","$0.00","21","0"
"B08K1FBL1Z","B07QHKPZ9Y","Ilyapa Wood Tissue Box Cover Square, 2 Pack - Rustic Farmhouse White Wooden Tissue Holder","OS-IL-TB5X6-WHT-2PK","38","0.26%","68","0.36%","97%","7","0","18.42%","0.00%","$181.93","$0.00","7","0"
"B0913H3LXD","B07RX8RTFT","Thonapa 2 Pack of 10 Ft White Extension Cords - 16/3 Durable Indoor Outdoor Electrical Cable with 3 Prong Grounded Plug for Safety","OS-TH-163W10-2PK","21","0.14%","28","0.15%","100%","2","0","9.52%","0.00%","$29.98","$0.00","2","0"
"B0913H3LXD","B07RX8RTFT","Thonapa 2 Pack of 10 Ft White Extension Cords - 16/3 Durable Indoor Outdoor Electrical Cable with 3 Prong Grounded Plug for Safety","OS-TH-163W10-2PK-FN","21","0.14%","28","0.15%","100%","10","0","47.62%","0.00%","$149.90","$0.00","10","0"
"B07FNZRN4M","B07RY2QS6R","Cornhole Board Lights - LED Corn Hole Lighting Kit for Playing at Night - White in Color","OS-PP-CHL-WH-B","240","1.66%","320","1.69%","0%","4","0","1.67%","0.00%","$41.97","$0.00","3","0"
"B0913H3LXD","B07S195VM9","Thonapa 2 Pack of 25 Ft White Extension Cords - 16/3 Durable Indoor Outdoor Electrical Cable with 3 Prong Grounded Plug for Safety","OS-TH-163W25-2PK-FN","14","0.10%","19","0.10%","100%","4","0","28.57%","0.00%","$101.96","$0.00","4","0"
"B08YP68P3T","B07S1CZ9D5","Thonapa 2 Pack of 25 Ft Black Extension Cords - 16/3 Heavy Duty Outdoor Electrical Cable with 3 Prong Grounded Plug for Safety","OS-TH-163B25-2PK","0","0.00%","0","0.00%","0%","1","0","0.00%","0.00%","$24.99","$0.00","1","0"
"B08YP68P3T","B07S2CNPSX","Thonapa 2 Pack of 10 Ft Black Extension Cords - 16/3 Heavy Duty Outdoor Electrical Cable with 3 Prong Grounded Plug for Safety","OS-TH-163B10-2PK","66","0.46%","95","0.50%","99%","35","0","53.03%","0.00%","$630.65","$0.00","29","0"
"B07SVM8WQQ","B07SVM8WQQ","Ilyapa Galvanized Three Tiered Serving Stand - 3 Tier Metal Tray Platter for Cake, Dessert, Appetizers & More","OS-IL-GALV-SER-3T","72","0.50%","92","0.48%","70%","19","0","26.39%","0.00%","$721.81","$0.00","18","0"
"B07VHK1YHG","B07VHK1YHG","Punchau Lawn Aerator Shoes w/Metal Buckles and 3 Straps - Heavy Duty Spiked Sandals for Aerating Your Lawn or Yard","OS-PUN-TS-A","65","0.45%","102","0.54%","28%","8","0","12.31%","0.00%","$127.92","$0.00","8","0"
"B097HL6Z14","B07XLNPK6C","Ilyapa Matte Black Kitchen Cabinet Knobs - Round Drawer Handles - 25 Pack of Kitchen Cabinet Hardware","OS-IL-CABKRB-RD-BK25","24","0.17%","32","0.17%","22%","4","0","16.67%","0.00%","$95.96","$0.00","3","0"
"B09153LDGY","B07ZDFL5VL","Thonapa Black Extension Cord 3 Pack, 10ft 15ft & 20ft - 16/2 Durable Electrical Cable","OS-TH-162BMulti-3PK-FN","41","0.28%","57","0.30%","100%","2","0","4.88%","0.00%","$29.98","$0.00","2","0"
"B09153LDGY","B07ZDFL5VL","Thonapa Black Extension Cord 3 Pack, 10ft 15ft & 20ft - 16/2 Durable Electrical Cable","OS-TH-162BMulti-3PK","41","0.28%","57","0.30%","100%","16","0","39.02%","0.00%","$239.84","$0.00","13","0"
"B09153LDGY","B07ZDGMJT5","Thonapa 10 Ft Black Extension Cord 2 Pack - 16/2 Durable Electrical Cable","OS-TH-162B10-2PK","5","0.03%","10","0.05%","100%","4","0","80.00%","0.00%","$35.96","$0.00","4","0"
"B094NYX3D6","B07ZTL1NWK","Weather Resistant Cornhole Bean Bags Set of 8 - Regulation Size & Weight - 4 Purple & 4 Gray Corn Hole Bags","OS-PP-CH-PUGY","24","0.17%","25","0.13%","0%","1","0","4.17%","0.00%","$17.95","$0.00","1","0"
"B07PDZY8VY","B07ZTN4SDC","Professional Cornhole Bags - Set of 8 Regulation All Weather Two Sided Bean Bags for Pro Corn Hole Game - 4 Hunter Green & 4 Gray","OS-PP-CHPRO2-HGGY","97","0.67%","121","0.64%","0%","1","0","1.03%","0.00%","$29.34","$0.00","1","0"
"B07BK7BKNZ","B07ZTNKCSZ","Barcaloo Cornhole Bean Bags Set of 8 - Weather Resistant Duck Cloth, Regulation Size & Weight - Navy Blue & Gray","OS-BCL-CH-NBGY","3","0.02%","3","0.02%","100%","1","0","33.33%","0.00%","$20.99","$0.00","1","0"
"B07BK7BKNZ","B07ZTNS1FJ","Barcaloo Cornhole Bean Bags Set of 8 - Weather Resistant Duck Cloth, Regulation Size & Weight - Green & Black","OS-BCL-CH-GNBK","33","0.23%","42","0.22%","100%","14","0","42.42%","0.00%","$251.86","$0.00","14","0"
"B07BK7BKNZ","B07ZTP9RHL","Barcaloo Cornhole Bean Bags Set of 8 - Weather Resistant Duck Cloth, Regulation Size & Weight - Bright American Flag","OS-BCL-CH-FLAG","68","0.47%","81","0.43%","100%","18","0","26.47%","0.00%","$392.74","$0.00","18","0"
"B07BK7BKNZ","B07ZTPBJWW","Barcaloo Cornhole Bean Bags Set of 8 - Weather Resistant Duck Cloth, Regulation Size & Weight - Purple & Black","OS-BCL-CH-PUBK","12","0.08%","13","0.07%","100%","8","0","66.67%","0.00%","$152.27","$0.00","7","0"
"B07BK7BKNZ","B07ZTPLD8N","Barcaloo Cornhole Bean Bags Set of 8 - Weather Resistant Duck Cloth, Regulation Size & Weight - Navy Blue & Yellow","OS-BCL-CH-NBYE","27","0.19%","31","0.16%","100%","6","0","22.22%","0.00%","$119.94","$0.00","6","0"
"B07BK7BKNZ","B07ZTPZ275","Barcaloo Cornhole Bean Bags Set of 8 - Weather Resistant Duck Cloth, Regulation Size & Weight - Betsy Ross Vintage American Flag","OS-BCL-CH-13STAR","107","0.74%","134","0.71%","100%","13","0","12.15%","0.00%","$265.12","$0.00","13","0"
"B07VRSV5PP","B07ZTVQ9VW","Punchau Cornhole Bags - All Weather Set of 8 Corn Hole Bean Bags - Regulation Size & Weight - 4 Stars & 4 Stripes","OS-PUN-CH-STAR","36","0.25%","43","0.23%","79%","7","0","19.44%","0.00%","$129.43","$0.00","7","0"
"B08L449YXM","B081HYXYCW","50 Foot Outdoor Extension Cord with 3 Electrical Power Outlets - 16/3 Durable Green Power Cable","OS-TH-163G50P-FN","22","0.15%","27","0.14%","100%","1","0","4.55%","0.00%","$21.99","$0.00","1","0"
"B0913H3LXD","B081HZ3KWH","10 Ft White Extension Cord - 16/3 Durable Outdoor Electrical Cable","OS-TH-163W10","18","0.12%","19","0.10%","100%","9","0","50.00%","0.00%","$116.91","$0.00","9","0"
"B08YP6ZSSF","B081J1SH58","25 Foot Lighted Outdoor Extension Cord with 3 Electrical Power Outlets - 10/3 SJTW Yellow 10 Gauge Cable with 3 Prong Grounded Plug for Safety","OS-TH-103Y25P","3","0.02%","3","0.02%","100%","1","0","33.33%","0.00%","$40.99","$0.00","1","0"
"B0942VM6QJ","B081J3N7P1","25 Foot Lighted Outdoor Extension Cord with 3 Electrical Power Outlets - 12/3 SJTW Heavy Duty Yellow Extension Cable with 3 Prong Grounded Plug for Safety","OS-TH-123Y25P","26","0.18%","35","0.18%","100%","4","0","15.38%","0.00%","$115.53","$0.00","4","0"
"B08Y5WHR6Y","B081J4D33L","50 Foot Lighted Outdoor Extension Cord - 10/3 SJTW Yellow 10 Gauge Cable with 3 Prong Grounded Plug for Safety - Great for Garden and Major Appliances","OS-TH-103Y50","18","0.12%","24","0.13%","100%","4","0","22.22%","0.00%","$281.96","$0.00","4","0"
"B08L44X532","B081J4ZZV4","20 Ft Outdoor Extension Cord - 16/3 Durable Green Power Cable","OS-TH-163G20","23","0.16%","24","0.13%","100%","6","0","26.09%","0.00%","$71.94","$0.00","6","0"
"B08Y5WHR6Y","B081J69GFG","25 Foot Lighted Outdoor Extension Cord - 10/3 SJTW Yellow 10 Gauge Cable with 3 Prong Grounded Plug for Safety - Great for Garden and Major Appliances","OS-TH-103Y25","8","0.06%","10","0.05%","80%","2","0","25.00%","0.00%","$83.98","$0.00","2","0"
"B0942VM6QJ","B081J6PP4S","100 Foot Lighted Outdoor Extension Cord with 3 Electrical Power Outlets - 12/3 SJTW Heavy Duty Yellow Extension Cable with 3 Prong Grounded Plug for Safety","OS-TH-123Y100P","12","0.08%","17","0.09%","100%","4","0","33.33%","0.00%","$263.96","$0.00","3","0"
"B08YP6ZSSF","B081J731VR","50 Foot Lighted Outdoor Extension Cord with 3 Electrical Power Outlets - 10/3 SJTW Yellow 10 Gauge Cable with 3 Prong Grounded Plug for Safety","OS-TH-103Y50P","56","0.39%","103","0.54%","98%","19","0","33.93%","0.00%","$1,299.23","$0.00","16","0"
"B0864Y5VK1","B081J75CHZ","10 Ft Extension Cord with 3 Electrical Power Outlets - 16/3 Durable White Cable","OS-TH-163W10P3","5","0.03%","8","0.04%","88%","8","0","160.00%","0.00%","$71.92","$0.00","7","0"
"B0913H3LXD","B081J8J2PT","15 Ft White Extension Cord - 16/3 Durable Outdoor Electrical Cable","OS-TH-163W15","8","0.06%","9","0.05%","100%","31","0","387.50%","0.00%","$495.69","$0.00","12","0"
"B01LR30Y6S","B0821R7C1V","Weather Resistant Cornhole Bean Bags Set of 8 - Regulation Size & Weight - 4 Green Camo & 4 Desert Camouflage Corn Hole Bags","OS-PP-CH-CAMO","166","1.15%","208","1.10%","13%","9","0","5.42%","0.00%","$179.91","$0.00","9","0"
"B082DH44BR","B082DHXQTM","Playground Safety Handles - Yellow Grab Handle Bars for Jungle Gym","OS-BCL-PG-SHANDLE-YLW","37","0.26%","44","0.23%","100%","39","0","105.41%","0.00%","$298.74","$0.00","33","0"
"B07HBBXBQG","B082DJBGL1","Barcaloo Rock Climbing Wall Hand Holds for Kids for Outdoor Playground - Pack of 10","OS-BCL-PG-CRBUND","48","0.33%","91","0.48%","97%","8","0","16.67%","0.00%","$239.60","$0.00","8","0"
"B082L2LTYN","B082L2LTYN","Ilyapa Galvanized Three Tier Serving Stand - 3 Tiered Metal Tray Platter for Cake, Dessert, Appetizers & More","OS-IL-GALV-SERFL-3T","55","0.38%","65","0.34%","69%","7","0","12.73%","0.00%","$223.93","$0.00","6","0"
"B082MNRGZW","B082MMF4RB","Barcaloo 1000 Piece Building Bricks Set - 10 Pastel Colors - Guaranteed Tight Fit, Compatible with All Major Brands","OS-BCL-B1000P","81","0.56%","120","0.63%","78%","22","0","27.16%","0.00%","$469.64","$0.00","18","0"
"B08657CFDJ","B083KPHLJL","Waterproof Extension Cord Connection Box - Green Weatherproof Outdoor Box for Electrical Connections","OS-TH-WPB-GRN","45","0.31%","51","0.27%","27%","1","0","2.22%","0.00%","$29.99","$0.00","1","0"
"B08657CFDJ","B083L6MH6C","Waterproof Extension Cord Connection Box - Gray Weatherproof Outdoor Box for Electrical Connections","OS-TH-WPB-GRY-DL","169","1.17%","204","1.07%","100%","2","0","1.18%","0.00%","$67.98","$0.00","2","0"
"B08657CFDJ","B083L6MH6C","Waterproof Extension Cord Connection Box - Gray Weatherproof Outdoor Box for Electrical Connections","OS-TH-WPB-GRY","169","1.17%","204","1.07%","100%","7","0","4.14%","0.00%","$202.93","$0.00","7","0"
"B08XLMLH9P","B083M8DY7J","Play Platoon Cornhole Scoreboard Metal Decal 2 Pack with 4 Magnetic Score Keepers for Corn Hole Boards","OS-PP-CHB-SCORE-2PK-A","155","1.07%","216","1.14%","95%","88","0","56.77%","0.00%","$1,363.12","$0.00","85","0"
"B07HB8XJ8T","B0858F5KD8","16oz Amber Glass Beer Bottles for Home Brewing - 12 Pack with Flip Caps","OS-BCL-BTL16A","4","0.03%","4","0.02%","100%","1","0","25.00%","0.00%","$35.99","$0.00","1","0"
"B0868YFHZ8","B0868YFHZ8","Extra Thick Blocking Mats for Knitting - Pack of 9 White Blocking Boards with Grids for Needlepoint or Crochet - Includes Measuring Tape & 150 T Pins","OS-CRU-BLOCKING9G","55","0.38%","86","0.45%","98%","14","0","25.45%","0.00%","$472.86","$0.00","13","0"
"B086VM77XJ","B086VN6QXP","Ilyapa Self Closing Cabinet Hinges Black, 50 Pack - 3/8 Inch Inset Variable Overlay Kitchen Cabinet Door Hinge Hardware","OS-IL-CHVOF.375-BK-50PK","19","0.13%","26","0.14%","100%","9","0","47.37%","0.00%","$210.91","$0.00","8","0"
"B09153LDGY","B087Y1SV47","Thonapa Black Extension Cord 3 Pack, 6ft 10ft & 15ft - 16/2 Durable Electrical Cable","OS-TH-162BMulti61015-3PK","16","0.11%","29","0.15%","100%","6","0","37.50%","0.00%","$71.82","$0.00","6","0"
"B08MQTMX5P","B088P6LQG9","Ball Catch Door Hardware for Closet or Cabinet, Oil Rubbed Bronze 2 Pack","OS-BCL-CDBC-B2","1","0.01%","1","0.01%","100%","1","0","100.00%","0.00%","$7.99","$0.00","1","0"
"B09456MH8Q","B089H14WL3","Barcaloo Pro Cornhole Bags - Set of 8 Regulation All Weather Two Sided Bean Bags for Professional Corn Hole Game - 4 Orange & 4 Blue","OS-BCL-CHPRO-ORBL","37","0.26%","47","0.25%","100%","10","0","27.03%","0.00%","$264.90","$0.00","10","0"
"B09456MH8Q","B089H1MQTF","Barcaloo Pro Cornhole Bags - Set of 8 Regulation All Weather Two Sided Bean Bags for Professional Corn Hole Game - 4 Red & 4 Gray","OS-BCL-CHPRO-REGR","38","0.26%","51","0.27%","88%","8","0","21.05%","0.00%","$231.92","$0.00","8","0"
"B09456MH8Q","B089H2BFCX","Barcaloo Pro Cornhole Bags - Set of 8 Regulation All Weather Two Sided Bean Bags for Professional Corn Hole Game - 4 Orange & 4 Black","OS-BCL-CHPRO-ORBK","54","0.37%","61","0.32%","100%","8","0","14.81%","0.00%","$231.92","$0.00","8","0"
"B09456MH8Q","B089H2BWXJ","Barcaloo Pro Cornhole Bags - Set of 8 Regulation All Weather Two Sided Bean Bags for Professional Corn Hole Game - 4 Red & 4 Blue","OS-BCL-CHPRO-REBL","37","0.26%","42","0.22%","100%","6","0","16.22%","0.00%","$158.94","$0.00","6","0"
"B08XLMLH9P","B08K4L5XZT","Play Platoon Cornhole Scoreboard Metal Decal 1 Pack with 2 Magnetic Score Keepers for Corn Hole Boards","OS-PP-CHB-SCORE","142","0.98%","171","0.90%","100%","12","0","8.45%","0.00%","$125.88","$0.00","12","0"
"B092MTXKPR","B08L5LKHBG","Barcaloo Cornhole Scoreboard Metal Decal with 2 Magnetic Score Keepers for Corn Hole Boards","OS-BCL-CHB-SCORE","48","0.33%","62","0.33%","95%","11","0","22.92%","0.00%","$143.33","$0.00","10","0"
"B092MTXKPR","B08L5LNCYH","Barcaloo Cornhole Scoreboard Metal Decal 2 Pack with 4 Magnetic Score Keepers for Corn Hole Boards","OS-BCL-CHB-SCORE-2PK","29","0.20%","38","0.20%","92%","27","0","93.10%","0.00%","$420.93","$0.00","23","0"
"B08L6R58SS","B08L6QHSC1","Barcaloo Cornhole Board Lights - Red LED Corn Hole Lighting Kit for Playing at Night","OS-BCL-CHL-RE","3","0.02%","3","0.02%","100%","1","0","33.33%","0.00%","$13.99","$0.00","1","0"
"B08L6R58SS","B08L6QSBFL","Barcaloo Cornhole Board Lights - White LED Corn Hole Lighting Kit for Playing at Night","OS-BCL-CHL-WH","4","0.03%","6","0.03%","100%","1","0","25.00%","0.00%","$15.99","$0.00","1","0"
"B093CLXVD1","B08L8BBX26","Outdoor 1 to 3 Extension Cord Splitter - 13 Foot Green Power Squid - 16/3 SJTW 3 Way Outlet & Plug Splitter Cable","OS-TH-163GSPLT25","12","0.08%","18","0.09%","100%","1","0","8.33%","0.00%","$12.95","$0.00","1","0"
"B093CLXVD1","B08L8D133X","Outdoor 1 to 3 Extension Cord Splitter - 40 Foot Black Power Squid - 16/3 SJTW 3 Way Outlet & Plug Splitter Cable","OS-TH-163BSPLT52","10","0.07%","11","0.06%","91%","3","0","30.00%","0.00%","$80.85","$0.00","3","0"
"B093CLXVD1","B08L8F6LXV","Outdoor 1 to 3 Extension Cord Splitter - 13 Foot Black Power Squid - 16/3 SJTW 3 Way Outlet & Plug Splitter Cable","OS-TH-163BSPLT25","17","0.12%","24","0.13%","100%","4","0","23.53%","0.00%","$56.85","$0.00","4","0"
"B093CLXVD1","B08L8FCWHM","Outdoor 1 to 3 Extension Cord Splitter - 40 Foot Green Power Squid - 16/3 SJTW 3 Way Outlet & Plug Splitter Cable","OS-TH-163GSPLT52","48","0.33%","60","0.32%","98%","11","0","22.92%","0.00%","$205.78","$0.00","9","0"
"B093CLXVD1","B08L8FPLJS","Outdoor 1 to 3 Extension Cord Splitter - 28 Foot Black Power Squid - 16/3 SJTW 3 Way Outlet & Plug Splitter Cable","OS-TH-163BSPLT40","10","0.07%","14","0.07%","100%","6","0","60.00%","0.00%","$143.78","$0.00","6","0"
"B093CLXVD1","B08L8FV6WL","Outdoor 1 to 3 Extension Cord Splitter - 28 Foot Green Power Squid - 16/3 SJTW 3 Way Outlet & Plug Splitter Cable","OS-TH-163GSPLT40","16","0.11%","18","0.09%","100%","1","0","6.25%","0.00%","$19.98","$0.00","1","0"
"B082DH44BR","B08MQRXYZG","17 Inch Playground Safety Handles – Green Grab Handle Bars for Jungle Gym","OS-BCL-PG-SHANDLE17-GN","6","0.04%","9","0.05%","100%","15","0","250.00%","0.00%","$149.85","$0.00","10","0"
"B08MQRXYZG","B08MQRXYZG","17 Inch Playground Safety Handles – Green Grab Handle Bars for Jungle Gym","OS-BCL-PG-SHANDLE17-GN","14","0.10%","18","0.09%","100%","11","0","78.57%","0.00%","$109.89","$0.00","5","0"
"B07HBBXBQG","B08MQVG1DZ","Barcaloo Kids Rock Wall Climbing Holds, 32 Pack - Jungle Gym Equipment Accessory for Outdoor Playground","OS-BCL-PG-CROCK32","18","0.12%","28","0.15%","100%","7","0","38.89%","0.00%","$237.65","$0.00","6","0"
"B08MQVQ128","B08MQVQ128","Playground Binoculars for Kids - Jungle Gym Swing Set Equipment Accessory","OS-BCL-PG-BINOC","20","0.14%","23","0.12%","100%","5","0","25.00%","0.00%","$119.96","$0.00","5","0"
"B08Z2XNQWH","B08NK5T6HH","30 Foot Retractable Extension Cord Reel with Breaker Switch and 3 Electrical Power Outlets - 16/3 SJTW Durable Gray Cable for Garage","OS-TH-163CR30-GYBK","5","0.03%","6","0.03%","100%","4","0","80.00%","0.00%","$155.96","$0.00","4","0"
"B09153LDGY","B08NK6HTKQ","10 Foot White Extension Cords with 3 Power Outlets, 2 Pack - 16/2 SPT-2 Durable Electrical Cable","OS-TH-162W10-2PK","5","0.03%","8","0.04%","100%","4","0","80.00%","0.00%","$35.96","$0.00","3","0"
"B08Y5WHR6Y","B08NK6LYTB","100 Foot Outdoor Extension Cord - 10/3 SJTW Neon Green 10 Gauge Cable with 3 Prong Grounded Plug for Safety - Great for Garden and Major Appliances","OS-TH-103NG100","3","0.02%","4","0.02%","100%","2","0","66.67%","0.00%","$251.98","$0.00","2","0"
"B0942VM6QJ","B08NK6V5S7","50 Foot Outdoor Extension Cord with 3 Electrical Power Outlets - 12/3 SJTW Heavy Duty Neon Green Extension Cable with 3 Prong Grounded Plug for Safety","OS-TH-123NG50P","19","0.13%","40","0.21%","100%","7","0","36.84%","0.00%","$292.93","$0.00","5","0"
"B09153LDGY","B08NK71ZH6","White Extension Cords 3 Pack, 6 Foot, 10 Foot and 15 Foot - 16/2 SPT-2 Durable Electrical Cable with 3 Power Outlets","OS-TH-162WMulti-3PK","14","0.10%","15","0.08%","100%","7","0","50.00%","0.00%","$90.93","$0.00","7","0"
"B08Z2XNQWH","B08NK75YTF","30 Foot Retractable Extension Cord Reel with Breaker Switch and 3 Electrical Power Outlets - 16/3 SJTW Durable Green Cable for Garage","OS-TH-163CR30-GRBK","48","0.33%","55","0.29%","100%","21","0","43.75%","0.00%","$818.79","$0.00","15","0"
"B08Z2XNQWH","B08NK76HX4","30 Foot Retractable Extension Cord Reel with Breaker Switch and 3 Electrical Power Outlets - 16/3 SJTW Durable Red Cable for Garage","OS-TH-163CR30-REBK","29","0.20%","42","0.22%","100%","4","0","13.79%","0.00%","$155.96","$0.00","4","0"
"B08YP6ZSSF","B08NK7D958","10 Foot Outdoor Extension Cord with 3 Electrical Power Outlets - 10/3 SJTW Neon Green 10 Gauge Cable with 3 Prong Grounded Plug for Safety","OS-TH-103NG10P","19","0.13%","23","0.12%","100%","6","0","31.58%","0.00%","$134.16","$0.00","6","0"
"B08Z2XNQWH","B08NK7MKQX","30 Foot Retractable Extension Cord Reel with Breaker Switch and 3 Electrical Power Outlets - 16/3 SJTW Durable Yellow Cable for Garage","OS-TH-163CR30-YEBK","22","0.15%","29","0.15%","100%","10","0","45.45%","0.00%","$389.90","$0.00","9","0"
"B0942VM6QJ","B08NK811V6","2 Foot Outdoor Extension Cord with 3 Electrical Power Outlets - 12/3 SJTW Heavy Duty Neon Green Extension Cable with 3 Prong Grounded Plug for Safety","OS-TH-123NG02P","9","0.06%","11","0.06%","91%","3","0","33.33%","0.00%","$29.97","$0.00","3","0"
"B08Z2XNQWH","B08NK8SQ1D","30 Foot Retractable Extension Cord Reel with Breaker Switch and 3 Electrical Power Outlets - 16/3 SJTW Durable Blue Cable for Garage","OS-TH-163CR30-BLBK","18","0.12%","24","0.13%","100%","8","0","44.44%","0.00%","$327.92","$0.00","7","0"
"B08YP12CH3","B08NK9J83T","3 Prong Dryer Extension Cord, Gray - 10 Foot Power Cord, 10/3 SRDT, 30 Amp, NEMA 10-30 Plug","OS-TH-103DRY-GY10","24","0.17%","40","0.21%","98%","8","0","33.33%","0.00%","$249.16","$0.00","8","0"
"B08YP13ZJV","B08NKBXQMC","4 Prong Dryer Extension Cord, Black - 6 Foot Power Cord, 10/4 SRDT, 30 Amp, NEMA 14-30 Plug","OS-TH-104DRY-BK06","3","0.02%","3","0.02%","100%","1","0","33.33%","0.00%","$20.99","$0.00","1","0"
"B08YP13ZJV","B08NKCT8H6","4 Prong Dryer Extension Cord, Black - 4 Foot Power Cord, 10/4 SRDT, 30 Amp, NEMA 14-30 Plug","OS-TH-104DRY-BK04","13","0.09%","18","0.09%","100%","5","0","38.46%","0.00%","$73.58","$0.00","5","0"
"B08YP12CH3","B08NKD7KF1","3 Prong Dryer Extension Cord, Gray - 4 Foot Power Cord, 10/3 SRDT, 30 Amp, NEMA 10-30 Plug","OS-TH-103DRY-GY04","12","0.08%","18","0.09%","94%","2","0","16.67%","0.00%","$23.98","$0.00","2","0"
"B08ZGNTX4V","B08NWCKKY4","16/2 Low Voltage Landscape Wire, 250 Ft - Black Outdoor Low-Voltage Cable for Landscape Lighting","OS-TH-LV162B250","10","0.07%","12","0.06%","100%","3","0","30.00%","0.00%","$154.97","$0.00","3","0"
"B08ZGNTX4V","B08NWCNGNY","18/2 Low Voltage Landscape Wire, 100 Ft - Black Outdoor Low-Voltage Cable for Landscape Lighting","OS-TH-LV182B100","16","0.11%","23","0.12%","100%","1","0","6.25%","0.00%","$23.99","$0.00","1","0"
"B08ZGNTX4V","B08NWCY1RT","16/2 Low Voltage Landscape Wire, 100 Ft - Black Outdoor Low-Voltage Cable for Landscape Lighting","OS-TH-LV162B100","12","0.08%","14","0.07%","100%","1","0","8.33%","0.00%","$22.99","$0.00","1","0"
"B08ZGNTX4V","B08NWDXQMB","12/2 Low Voltage Landscape Wire, 250 Ft - Black Outdoor Low-Voltage Cable for Landscape Lighting","OS-TH-LV122B250","13","0.09%","15","0.08%","100%","3","0","23.08%","0.00%","$317.97","$0.00","3","0"
"B08ZGNTX4V","B08NWDZJKR","12/2 Low Voltage Landscape Wire, 100 Ft - Black Outdoor Low-Voltage Cable for Landscape Lighting","OS-TH-LV122B100","27","0.19%","29","0.15%","100%","6","0","22.22%","0.00%","$279.59","$0.00","6","0"
"B098RDSR3F","B08Q66Z7JD","Satin Nickel Kitchen Cabinet Knobs - Round Beveled Drawer Handles - 10 Pack of Kitchen Cabinet Hardware","OS-BCL-CKRB-S10","40","0.28%","55","0.29%","100%","6","0","15.00%","0.00%","$131.94","$0.00","5","0"
"B098RDSR3F","B08Q6DNFSK","Black Kitchen Cabinet Knobs - Round Beveled Drawer Handles - 30 Pack of Kitchen Cabinet Hardware","OS-BCL-CKRB-K30","33","0.23%","47","0.25%","100%","3","0","9.09%","0.00%","$90.97","$0.00","2","0"
"B098RDSR3F","B08Q6L9Z8J","Oil Rubbed Bronze Kitchen Cabinet Knobs - Round Beveled Drawer Handles - 30 Pack of Kitchen Cabinet Hardware","OS-BCL-CKRB-B30","44","0.30%","58","0.31%","100%","15","0","34.09%","0.00%","$476.85","$0.00","14","0"
"B098RDSR3F","B08Q6MVDM1","Satin Nickel Kitchen Cabinet Knobs - Round Beveled Drawer Handles - 30 Pack of Kitchen Cabinet Hardware","OS-BCL-CKRB-S30","47","0.32%","70","0.37%","99%","11","0","23.40%","0.00%","$394.89","$0.00","10","0"
"B08Z2XNQWH","B08RJY4635","30 Foot Retractable Extension Cord Reel with Breaker Switch and 3 Electrical Power Outlets - 16/3 SJTW Durable Teal Cable for Garage","OS-TH-163CR30-TLBK","32","0.22%","36","0.19%","100%","7","0","21.88%","0.00%","$272.93","$0.00","7","0"
"B091JBL6DD","B08VD22FZ7","Barcaloo Bocce Ball Set with 8 Premium Resin Multicolor Bocce Balls, Pallino, Carry Bag & Rope","OS-BCL-BOCE90-RGBY-A","11","0.08%","11","0.06%","100%","1","0","9.09%","0.00%","$39.99","$0.00","1","0"
"B0947CB7RF","B0947CB7RF","60 Watt Low Voltage Transformer for Landscape Lights - Outdoor Lighting Transformer, 120V AC to 12V DC","OS-TH-LVT-60W-B","58","0.40%","70","0.37%","100%","9","0","15.52%","0.00%","$324.99","$0.00","8","0"
