"sku","fnsku","asin","product-name","product-group","brand","fulfilled-by","your-price","sales-price","longest-side","median-side","shortest-side","length-and-girth","unit-of-dimension","item-package-weight","unit-of-weight","product-size-tier","currency","estimated-fee-total","estimated-referral-fee-per-unit","estimated-variable-closing-fee","estimated-order-handling-fee-per-order","estimated-pick-pack-fee-per-unit","estimated-weight-handling-fee-per-unit","expected-fulfillment-fee-per-unit"
"SS-CT-GCANB-72-3PK","X002TLXEIT","B08XWH2TKP","Crutello Glass Food Storage Containers with Bamboo Lids, 3 Pack - 72 Fluid oz Airtight Clear Kitchen Organization Canisters","Kitchen","Crutello","Amazon","25.99","25.99","14.37","13.46","5.39","52.09","inches","5.49","pounds","UsLargeStandardSize","USD","11.08","3.90","0.00","--","--","--","7.18"
"SS-CT-TB9x5-BR","X002RKAGB5","B08S65V3K1","Crutello Rustic Farmhouse Tissue Box Cover - Wooden Brown Rectangular Tissue Holder Easy to Refill - 5” x 9“","Home","Crutello","Amazon","36.14","36.14","27.79","27.61","16.69","116.38","centimeters","812.02","grams","Standard","CAD","19.57","5.42","0.00","--","--","--","14.15"
"SS-CT-TB9x5-BR","X002RKAGB5","B08S65V3K1","Rustic Farmhouse Tissue Box Cover - Wooden Brown Rectangular Tissue Holder Easy to Refill - 5” x 9“","Home","Crutello","Amazon","16.99","16.99","10.94","10.87","6.57","45.82","inches","1.79","pounds","UsLargeStandardSize","USD","9.13","2.55","0.00","--","--","--","6.58"
"SS-CT-TB9x5-WHT","X002RKADFJ","B08S5XL9P5","Crutello Rustic Farmhouse Tissue Box Cover - Wooden White Rectangular Tissue Holder Easy to Refill - 5” x 9“","Home","Crutello","Amazon","31.52","31.52","27.99","16.79","14.81","91.19","centimeters","531.02","grams","Standard","CAD","17.28","4.73","0.00","--","--","--","12.55"
"SS-CT-TB9x5-WHT","X002RKADFJ","B08S5XL9P5","Rustic Farmhouse Tissue Box Cover - Wooden White Rectangular Tissue Holder Easy to Refill - 5” x 9“","Home","Crutello","Amazon","16.99","16.99","11.02","6.61","5.83","35.9","inches","1.17","pounds","UsLargeStandardSize","USD","8.53","2.55","0.00","--","--","--","5.98"
"SS-CT-TB5x6-BK","X002RKADEZ","B08S61Y1DR","Crutello Rustic Farmhouse Tissue Box Cover - Wooden Black Square Tissue Holder Easy to Refill - 5” x 6“","Home","Crutello","Amazon","29.57","29.57","16.7","16.5","16.4","82.5","centimeters","376.98","grams","Standard","CAD","15.39","4.44","0.00","--","--","--","10.95"
"SS-CT-TB5x6-BK","X002RKADEZ","B08S61Y1DR","Rustic Farmhouse Tissue Box Cover - Wooden Black Square Tissue Holder Easy to Refill - 5” x 6“","Home","Crutello","Amazon","13.99","13.99","6.57","6.5","6.46","32.48","inches","0.83","pounds","UsLargeStandardSize","USD","7.05","2.10","0.00","--","--","--","4.95"
"SS-CT-TB5x6-BR","X002RKADEF","B08S6CQ659","Crutello Rustic Farmhouse Tissue Box Cover - Wooden Brown Square Tissue Holder Easy to Refill - 5” x 6“","Home","Crutello","Amazon","29.59","29.59","16.6","16.2","16.1","81.2","centimeters","327.99","grams","Standard","CAD","12.82","4.44","0.00","--","--","--","8.38"
"SS-CT-TB5x6-BR","X002RKADEF","B08S6CQ659","Rustic Farmhouse Tissue Box Cover - Wooden Brown Square Tissue Holder Easy to Refill - 5” x 6“","Home","Crutello","Amazon","14.99","14.99","6.54","6.38","6.34","31.97","inches","0.72","pounds","UsLargeStandardSize","USD","5.89","2.25","0.00","--","--","--","3.64"
"SS-CT-TB5x6-WHT","X002RK7HHV","B08S5R61SX","Crutello Rustic Farmhouse Tissue Box Cover - Wooden White Square Tissue Holder Easy to Refill - 5” x 6“","Home","Crutello","Amazon","27.72","27.72","16.69","16.41","16.1","81.71","centimeters","390.0","grams","Standard","CAD","15.11","4.16","0.00","--","--","--","10.95"
"SS-CT-TB5x6-WHT","X002RK7HHV","B08S5R61SX","Rustic Farmhouse Tissue Box Cover - Wooden White Square Tissue Holder Easy to Refill - 5” x 6“","Home","Crutello","Amazon","15.99","15.99","6.57","6.46","6.34","32.17","inches","0.86","pounds","UsLargeStandardSize","USD","7.35","2.40","0.00","--","--","--","4.95"
"SS-CT-TB9x5-BK","X002RK7HG7","B08S5QM384","Crutello Rustic Farmhouse Tissue Box Cover - Wooden Black Rectangular Tissue Holder Easy to Refill - 5” x 9“","Home","Crutello","Amazon","19.89","19.89","27.79","27.2","16.69","115.57","centimeters","961.98","grams","Standard","CAD","17.13","2.98","0.00","--","--","--","14.15"
"SS-CT-TB9x5-BK","X002RK7HG7","B08S5QM384","Rustic Farmhouse Tissue Box Cover - Wooden Black Rectangular Tissue Holder Easy to Refill - 5” x 9“","Home","Crutello","Amazon","16.99","16.99","10.94","10.71","6.57","45.5","inches","2.12","pounds","UsLargeStandardSize","USD","9.13","2.55","0.00","--","--","--","6.58"
"SS-CT-MO14SLAT-WHT","X002RI5TRD","B08RZBDW73","Wall Mounted Mail and Key Organizer - Wooden Wall Mount Mail Organizer - Weathered White Wood Slats with Black Key Rack Hooks, Decorative Farmhouse Slatted Design","Office Products","Crutello","Amazon","37.15","37.15","38.28","25.5","18.01","125.3","centimeters","1128.99","grams","Standard","CAD","21.32","5.57","0.00","--","--","--","15.75"
"SS-CT-MO14SLAT-WHT","X002RI5TRD","B08RZBDW73","Wall Mounted Mail and Key Organizer - Wooden Wall Mount Mail Organizer - Weathered White Wood Slats with Black Key Rack Hooks, Decorative Farmhouse Slatted Design","Office Products","Crutello","Amazon","22.99","22.99","15.07","10.04","7.09","49.33","inches","2.49","pounds","UsLargeStandardSize","USD","10.63","3.45","0.00","--","--","--","7.18"
"SS-CT-MO14SHELF-WHT","X002RI419Z","B08RZBXF14","Wall Mounted Mail and Key Organizer with Shelf - Weathered White Wooden Mail Organizer with Black Key Rack Hooks, Rustic Farmhouse Design","Office Products","Crutello","Amazon","44.19","44.19","37.8","35.51","16.69","142.19","centimeters","1792.01","grams","Oversize","CAD","24.78","6.63","0.00","--","--","--","18.15"
"SS-CT-MO14SHELF-WHT","X002RI419Z","B08RZBXF14","Wall Mounted Mail and Key Organizer with Shelf - Weathered White Wooden Mail Organizer with Black Key Rack Hooks, Rustic Farmhouse Design","Office Products","Crutello","Amazon","26.99","26.99","14.88","13.98","6.57","55.98","inches","3.95","pounds","UsLargeStandardSize","USD","11.83","4.05","0.00","--","--","--","7.78"
"SS-CT-MO14-WHT","X002RHZF7N","B08RZBR4CG","Wall Mounted Mail and Key Organizer - Rustic White Wooden Mail Organizer with Black Key Rack Hooks, Decorative Farmhouse Design","Office Products","Crutello","Amazon","42.79","42.79","38.4","24.69","18.59","124.97","centimeters","1369.99","grams","Standard","CAD","22.17","6.42","0.00","--","--","--","15.75"
"SS-CT-MO14-WHT","X002RHZF7N","B08RZBR4CG","Wall Mounted Mail and Key Organizer - Rustic White Wooden Mail Organizer with Black Key Rack Hooks, Decorative Farmhouse Design","Office Products","Crutello","Amazon","19.99","19.99","15.12","9.72","7.32","49.2","inches","3.02","pounds","UsLargeStandardSize","USD","10.18","3.00","0.00","--","--","--","7.18"
"SS-CT-1GALI-SSP-NSD","X002QQ9TDB","B08Q8RC116","Dispensador de bebidas de vidrio al aire libre con espiga de acero inoxidable y cilindro de hielo, dispensador de bebidas de 1 galón para té, limonada, agua fría y más","Kitchen","Crutello","Amazon","764.64","764.64","28.7","20.0","19.9","108.5","centimeters","1720.02","grams","Standard","MXN","274.98","98.88","--","--","--","--","176.10"
"SS-CT-1GALI-SSP-NSD","X002QQ9TDB","B08Q8RC116","Outdoor Glass Beverage Dispenser with Stainless Steel Spigot & Ice Cylinder - 1 Gallon Drink Dispenser for Tea, Lemonade, Cold Water & More","Kitchen","Crutello","Amazon","31.99","31.99","11.3","7.87","7.83","42.72","inches","3.79","pounds","UsLargeStandardSize","USD","11.38","4.80","0.00","--","--","--","6.58"
"SS-CT-GCANB-32-3PK","X002PGIX39","B08N1M4R2P","Crutello Glass Food Storage Containers with Bamboo Lids, 3 Pack - 32 Fluid oz Airtight Clear Kitchen Organization Canisters","Kitchen","Crutello","Amazon","17.99","17.99","12.36","11.02","4.61","43.62","inches","3.06","pounds","UsLargeStandardSize","USD","8.98","2.70","0.00","--","--","--","6.28"
"SS-CT-GCANB-MUL2-4PK","X002PGIWXZ","B08N1LPJ75","Crutello Glass Food Storage Containers with Bamboo Lids, 4 Pack - One 54 Fluid oz, One 32 Fluid oz, and Two 23 Fluid oz Airtight Clear Kitchen Organization Canisters","Kitchen","Crutello","Amazon","23.99","23.99","13.62","11.73","5.43","47.95","inches","4.18","pounds","UsLargeStandardSize","USD","10.48","3.60","0.00","--","--","--","6.88"
"SS-CT-GCANB-23-6PK","X002PGIWX5","B08N2K2CFH","Glass Food Storage Containers with Bamboo Lids, 6 Pack - 23 Fluid oz Airtight Clear Kitchen Organization Canisters","Kitchen","Crutello","Amazon","26.99","26.99","14.45","11.69","5.39","48.62","inches","4.95","pounds","UsLargeStandardSize","USD","10.93","4.05","0.00","--","--","--","6.88"
"SS-CT-GCANB-MUL1-6PK","X002PGIWWV","B08N1KYHTP","Crutello Glass Food Storage Containers with Bamboo Lids, 6 Pack - Three 26 Fluid oz and Three 23 Fluid oz Airtight Clear Kitchen Organization Canisters","Kitchen","Crutello","Amazon","24.99","24.99","14.33","12.68","5.39","50.47","inches","4.48","pounds","UsLargeStandardSize","USD","10.93","3.75","0.00","--","--","--","7.18"
"SS-CT-GCANB-MUL3-3PK","X002PGBLIX","B08N1LNDJZ","Crutello Glass Food Storage Containers with Bamboo Lids, 3 Pack - One 32 Fluid oz and Two 23 Fluid oz Airtight Clear Kitchen Organization Canisters","Kitchen","Crutello","Amazon","19.99","19.99","10.47","9.8","5.43","40.94","inches","2.82","pounds","UsLargeStandardSize","USD","9.28","3.00","0.00","--","--","--","6.28"
"SS-BCL-B1000P","X002OQL18T","B082MMF4RB","Barcaloo 1000 Piece Building Bricks Set - 10 Pastel Colors - Guaranteed Tight Fit, Compatible with All Major Brands","Toys","Barcaloo","Amazon","21.49","21.49","13.14","9.21","4.37","40.3","inches","3.26","pounds","UsLargeStandardSize","USD","9.20","3.22","0.00","--","--","--","5.98"
"SS-PUN-CHB-SCORE","X002OG2VQP","B08L5LLMZ5","Punchau Cornhole - Marcador de metal con 2 marcadores magnéticos para tableros de agujeros de maíz","Sports","Punchau","Amazon","332.95","332.95","45.4","5.8","2.1","61.2","centimeters","196.0","grams","Oversize","MXN","159.64","43.05","--","--","--","--","116.59"
"SS-PUN-CHB-SCORE","X002OG2VQP","B08L5LLMZ5","Punchau Cornhole Scoreboard - Metal Decal with 2 Magnetic Score Keepers for Corn Hole Boards","Sports","Punchau","Amazon","10.12","10.12","17.87","2.28","0.83","24.09","inches","0.43","pounds","UsLargeStandardSize","USD","5.16","1.52","0.00","--","--","--","3.64"
"SS-PUN-CHB-SCORE-2PK","X002OFXNEF","B08L5MS6DG","Punchau Cornhole Scoreboard, 2 unidades, calcomanías de metal con 4 marcadores magnéticos para tableros de agujeros de maíz","Sports","Punchau","Amazon","510.55","510.55","46.1","5.8","2.1","61.9","centimeters","331.98","grams","Oversize","MXN","263.75","66.02","--","--","--","--","197.73"
"SS-PUN-CHB-SCORE-2PK","X002OFXNEF","B08L5MS6DG","Punchau Cornhole Scoreboard, 2 Pack - Metal Decals with 4 Magnetic Score Keepers for Corn Hole Boards","Sports","Punchau","Amazon","19.99","19.99","18.15","2.28","0.83","24.37","inches","0.73","pounds","UsSmallOversize","USD","11.66","3.00","0.00","--","--","--","8.66"
"SS-DD-WMS3-FBA-BG-2PK","X002GW9D5T","B08429YPGZ","Pack of 2 Washable Waterproof Mattress Sheet Protector Bed Underpad - Large 36 x 54 inches with Tuck-Ins","Health & Personal Care","Dry Defender","Amazon","53.58","53.58","35.28","31.29","6.4","110.67","centimeters","1551.01","grams","Standard","CAD","20.59","8.04","0.00","--","--","--","12.55"
"SS-DD-WMS3-FBA-BG-2PK","X002GW9D5T","B08429YPGZ","Dry Defender Waterproof Bed Pads for Incontinence - Absorbent Washable Underpad - Mattress Pads for Kids or Adults - Flat, 36x70 Inch (Pack of 2)","Health & Personal Care","Dry Defender","Amazon","38.99","38.99","13.89","12.32","2.52","43.57","inches","3.42","pounds","UsLargeStandardSize","USD","11.83","5.85","0.00","--","--","--","5.98"
"SS-PUN-TS-HD-A","X002GTV3AP","B084WQ3MF7","Punchau Lawn Aerator Shoes with Secure Fit Heel Strap, Heavy Duty Pre-Assembled Spiked Sandals with Metal Buckles and 3 Straps for Aerating Your Lawn or Yard","Lawn and Garden","Punchau","Amazon","45.67","45.67","31.39","14.1","10.9","81.38","centimeters","1139.02","grams","Standard","CAD","18.60","6.85","0.00","--","--","--","11.75"
"SS-PUN-TS-HD-A","X002GTV3AP","B084WQ3MF7","Punchau Lawn Aerator Shoes with Secure Fit Heel Strap, Heavy Duty Pre-Assembled Spiked Sandals with Metal Buckles and 3 Straps for Aerating Your Lawn or Yard","Lawn and Garden","Punchau","Amazon","14.99","14.99","12.36","5.55","4.29","32.04","inches","2.51","pounds","UsLargeStandardSize","USD","7.93","2.25","0.00","--","--","--","5.68"
"SS-PUN-TS-B","X002GTTRKN","B084WP1KRK","Punchau Lawn Aerator Shoes with Hook and Loop Straps - New Heavy Duty Spiked Aerating Sandals with Upgraded Soles and Straps for Aerating Your Lawn or Yard","Lawn and Garden","Punchau","Amazon","46.58","46.58","30.48","13.72","10.41","78.74","centimeters","1088.98","grams","Standard","CAD","18.74","6.99","0.00","--","--","--","11.75"
"SS-PUN-TS-B","X002GTTRKN","B084WP1KRK","Punchau Lawn Aerator Shoes with Hook and Loop Straps - New Heavy Duty Spiked Aerating Sandals with Upgraded Soles and Straps for Aerating Your Lawn or Yard","Lawn and Garden","Punchau","Amazon","14.99","14.99","12.0","5.4","4.1","31.0","inches","2.4","pounds","UsLargeStandardSize","USD","7.93","2.25","0.00","--","--","--","5.68"
"SS-PUN-CH-NBGY","X002D7IB05","B07ZTVFS43","Punchau Cornhole Bags - Juego de 8 bolsas de maíz para todo tipo de clima, tamaño y peso regulados, 4 azul marino y 4 gris","Sports","Punchau","Amazon","504.30","504.30","31.8","25.8","6.6","96.6","centimeters","3427.98","grams","Standard","MXN","255.11","65.21","--","--","--","--","189.90"
"SS-PUN-CH-NBGY","X002D7IB05","B07ZTVFS43","Punchau Cornhole Bags - All Weather Set of 8 Corn Hole Bean Bags - Regulation Size & Weight - 4 Navy Blue & 4 Gray","Sports","Punchau","Amazon","38.42","38.42","31.8","25.8","6.6","96.6","centimeters","3427.98","grams","Standard","CAD","21.51","5.76","0.00","--","--","--","15.75"
"SS-PUN-CH-NBGY","X002D7IB05","B07ZTVFS43","Punchau Cornhole Bags - All Weather Set of 8 Corn Hole Bean Bags - Regulation Size & Weight - 4 Navy Blue & 4 Gray","Sports","Punchau","Amazon","21.99","21.99","12.52","10.16","2.6","38.03","inches","7.56","pounds","UsLargeStandardSize","USD","10.48","3.30","0.00","--","--","--","7.18"
"SS-PUN-CH-GNGY","X002D7IAZV","B07ZTW2VL6","Punchau Cornhole Bags - Juego de 8 bolsas de maíz para todo tipo de clima, tamaño y peso regulados, 4 verdes y 4 grises","Sports","Punchau","Amazon","1239.36","1239.36","33.5","28.1","5.6","100.9","centimeters","3506.0","grams","Standard","MXN","350.16","160.26","--","--","--","--","189.90"
"SS-PUN-CH-GNGY","X002D7IAZV","B07ZTW2VL6","Punchau Cornhole Bags - All Weather Set of 8 Corn Hole Bean Bags - Regulation Size & Weight - 4 Green & 4 Gray","Sports","Punchau","Amazon","80.41","80.41","33.5","28.1","5.6","100.9","centimeters","3506.0","grams","Standard","CAD","27.81","12.06","0.00","--","--","--","15.75"
"SS-PUN-CH-GNGY","X002D7IAZV","B07ZTW2VL6","Punchau Cornhole Bags - All Weather Set of 8 Corn Hole Bean Bags - Regulation Size & Weight - 4 Green & 4 Gray","Sports","Punchau","Amazon","19.99","19.99","13.19","11.06","2.2","39.72","inches","7.73","pounds","UsLargeStandardSize","USD","10.18","3.00","0.00","--","--","--","7.18"
"SS-PUN-CH-STAR","X002D7IAZL","B07ZTVQ9VW","Punchau Cornhole Bags - Juego de 8 bolsas de maíz para todo tipo de clima, tamaño y peso regulados, 4 estrellas y 4 rayas","Sports","Punchau","Amazon","1235.91","1235.91","31.0","26.6","8.0","100.2","centimeters","3501.01","grams","Standard","MXN","349.72","159.82","--","--","--","--","189.90"
"SS-PUN-CH-STAR","X002D7IAZL","B07ZTVQ9VW","Punchau Cornhole Bags - All Weather Set of 8 Corn Hole Bean Bags - Regulation Size & Weight - 4 Stars & 4 Stripes","Sports","Punchau","Amazon","80.39","80.39","31.0","26.6","8.0","100.2","centimeters","3501.01","grams","Standard","CAD","27.81","12.06","0.00","--","--","--","15.75"
"SS-PUN-CH-STAR","X002D7IAZL","B07ZTVQ9VW","Punchau Cornhole Bags - All Weather Set of 8 Corn Hole Bean Bags - Regulation Size & Weight - 4 Stars & 4 Stripes","Sports","Punchau","Amazon","20.99","20.99","12.2","10.47","3.15","39.45","inches","7.72","pounds","UsLargeStandardSize","USD","10.33","3.15","0.00","--","--","--","7.18"
"SS-PUN-CH-NBYE","X002D7FPKT","B07ZTVSXX7","Punchau Cornhole Bags - Juego de 8 bolsas de maíz para todo tipo de clima, tamaño y peso regulados, 4 azul marino y 4 amarillos","Sports","Punchau","Amazon","1306.21","1306.21","32.51","25.4","6.91","97.13","centimeters","3479.01","grams","Standard","MXN","358.81","168.91","--","--","--","--","189.90"
"SS-PUN-CH-NBYE","X002D7FPKT","B07ZTVSXX7","Punchau Cornhole Bags - All Weather Set of 8 Corn Hole Bean Bags - Regulation Size & Weight - 4 Navy Blue & 4 Yellow","Sports","Punchau","Amazon","63.69","63.69","32.51","25.4","6.91","97.13","centimeters","3479.01","grams","Standard","CAD","25.30","9.55","0.00","--","--","--","15.75"
"SS-PUN-CH-NBYE","X002D7FPKT","B07ZTVSXX7","Punchau Cornhole Bags - All Weather Set of 8 Corn Hole Bean Bags - Regulation Size & Weight - 4 Navy Blue & 4 Yellow","Sports","Punchau","Amazon","19.49","19.49","12.8","10.0","2.72","38.24","inches","7.67","pounds","UsLargeStandardSize","USD","10.10","2.92","0.00","--","--","--","7.18"
"SS-PUN-CH-RENB","X002D7FPKJ","B07ZTTVR9Q","Punchau Cornhole Bags - Juego de 8 bolsas de maíz para todo tipo de clima, tamaño y peso regulados, 4 rojas y 4 azul marino","Sports","Punchau","Amazon","1296.89","1296.89","29.31","26.7","6.4","95.5","centimeters","3479.01","grams","Standard","MXN","357.60","167.70","--","--","--","--","189.90"
"SS-PUN-CH-RENB","X002D7FPKJ","B07ZTTVR9Q","Punchau Cornhole Bags - All Weather Set of 8 Corn Hole Bean Bags - Regulation Size & Weight - 4 Red & 4 Navy Blue","Sports","Punchau","Amazon","85.82","85.82","29.31","26.7","6.4","95.5","centimeters","3479.01","grams","Standard","CAD","28.62","12.87","0.00","--","--","--","15.75"
"SS-PUN-CH-RENB","X002D7FPKJ","B07ZTTVR9Q","Punchau Cornhole Bags - All Weather Set of 8 Corn Hole Bean Bags - Regulation Size & Weight - 4 Red & 4 Navy Blue","Sports","Punchau","Amazon","16.99","16.99","11.54","10.51","2.52","37.6","inches","7.67","pounds","UsLargeStandardSize","USD","9.73","2.55","0.00","--","--","--","7.18"
"SS-PUN-CH-HGNB","X002D7FPJ5","B07ZTV9KHG","Punchau Cornhole Bags - Juego de 8 bolsas de maíz para todo tipo de clima, tamaño y peso regulados, 4 verde cazador y 4 azul marino","Sports","Punchau","Amazon","1246.92","1246.92","30.8","29.0","5.7","100.2","centimeters","3674.01","grams","Standard","MXN","358.04","161.24","--","--","--","--","196.80"
"SS-PUN-CH-HGNB","X002D7FPJ5","B07ZTV9KHG","Punchau Cornhole Bags - All Weather Set of 8 Corn Hole Bean Bags - Regulation Size & Weight - 4 Hunter Green & 4 Navy Blue","Sports","Punchau","Amazon","80.96","80.96","30.8","29.0","5.7","100.2","centimeters","3674.01","grams","Standard","CAD","28.69","12.14","0.00","--","--","--","16.55"
"SS-PUN-CH-HGNB","X002D7FPJ5","B07ZTV9KHG","Punchau Cornhole Bags - All Weather Set of 8 Corn Hole Bean Bags - Regulation Size & Weight - 4 Hunter Green & 4 Navy Blue","Sports","Punchau","Amazon","16.99","16.99","12.13","11.42","2.24","39.45","inches","8.1","pounds","UsLargeStandardSize","USD","10.03","2.55","0.00","--","--","--","7.48"
"SS-PUN-CH-YEBK","X002D79QV3","B07ZTVHR1Y","Punchau - Juego de 8 bolsas de maíz para todo tipo de clima, color amarillo y negro, para juego de lanzamiento de hoyos de maíz, tamaño y peso regulado, 4 bolsas amarillas y 4 negras","Sports","Punchau","Amazon","682.01","620.87","30.8","27.7","8.5","103.2","centimeters","3485.99","grams","Standard","MXN","270.18","80.28","--","--","--","--","189.90"
"SS-PUN-CH-YEBK","X002D79QV3","B07ZTVHR1Y","Punchau Cornhole Bags - All Weather Set of 8 Corn Hole Bean Bags - Regulation Size & Weight - 4 Yellow & 4 Black","Sports","Punchau","Amazon","49.26","45.48","30.8","27.7","8.5","103.2","centimeters","3485.99","grams","Standard","CAD","22.57","6.82","0.00","--","--","--","15.75"
"SS-PUN-CH-YEBK","X002D79QV3","B07ZTVHR1Y","Punchau Cornhole Bags - All Weather Set of 8 Corn Hole Bean Bags - Regulation Size & Weight - 4 Yellow & 4 Black","Sports","Punchau","Amazon","19.99","16.59","12.13","10.91","3.35","40.63","inches","7.69","pounds","UsLargeStandardSize","USD","9.67","2.49","0.00","--","--","--","7.18"
"SS-PUN-CH-BLYE","X002D79QTP","B07ZTVG4YV","Punchau Cornhole Bags - Juego de 8 bolsas de maíz para todo tipo de clima, tamaño y peso regulados, 4 amarillos y 4 azules","Sports","Punchau","Amazon","1222.11","1222.11","30.5","25.4","6.5","94.3","centimeters","3492.98","grams","Standard","MXN","347.93","158.03","--","--","--","--","189.90"
"SS-PUN-CH-BLYE","X002D79QTP","B07ZTVG4YV","Punchau Cornhole Bags - All Weather Set of 8 Corn Hole Bean Bags - Regulation Size & Weight - 4 Yellow & 4 Blue","Sports","Punchau","Amazon","80.11","80.11","30.5","25.4","6.5","94.3","centimeters","3492.98","grams","Standard","CAD","27.77","12.02","0.00","--","--","--","15.75"
"SS-PUN-CH-BLYE","X002D79QTP","B07ZTVG4YV","Punchau Cornhole Bags - All Weather Set of 8 Corn Hole Bean Bags - Regulation Size & Weight - 4 Yellow & 4 Blue","Sports","Punchau","Amazon","17.99","16.49","12.01","10.0","2.56","37.13","inches","7.7","pounds","UsLargeStandardSize","USD","9.65","2.47","0.00","--","--","--","7.18"
"SS-WMXL-Tuck-2PK","X002C9URER","B07YYJSP4F","Saddle Style Absorbent Bed Pad with Tuck-in Sides - 2 Pack - Waterproof & Washable Mattress Sheet Protector Extra Large Underpad - 36in x 70in with Tuck-in Tails - Reusable Protection (Full, Queen)","Health & Personal Care","Dry Defender","Amazon","61.13","61.13","30.23","24.89","14.48","108.97","centimeters","1701.02","grams","Standard","CAD","23.32","9.17","0.00","--","--","--","14.15"
"SS-WMXL-Tuck-2PK","X002C9URER","B07YYJSP4F","Dry Defender Waterproof Bed Pads for Incontinence - Absorbent Washable Underpad - Mattress Pads for Kids or Adults - Tuck in Tails, 36x70 Inch (Pack of 2)","Health & Personal Care","Dry Defender","Amazon","30.99","30.99","11.9","9.8","5.7","42.9","inches","3.75","pounds","UsLargeStandardSize","USD","10.93","4.65","0.00","--","--","--","6.28"
"SS-PUN-CH-ORBK","X0029CUH6F","B07VPRDD67","Punchau Cornhole Bags - All Weather Set of 8 Corn Hole Bean Bags - Regulation Size & Weight - 4 Orange & 4 Black","Sports","Punchau","Amazon","47.12","47.12","25.15","24.13","5.59","84.58","centimeters","3469.98","grams","Standard","CAD","22.82","7.07","0.00","--","--","--","15.75"
"SS-PUN-CH-ORBK","X0029CUH6F","B07VPRDD67","Punchau Cornhole Bags - All Weather Set of 8 Corn Hole Bean Bags - Regulation Size & Weight - 4 Orange & 4 Black","Sports","Punchau","Amazon","17.99","17.99","9.9","9.5","2.2","33.3","inches","7.65","pounds","UsLargeStandardSize","USD","9.88","2.70","0.00","--","--","--","7.18"
"SS-PUN-CHC-ORBK","X0029CUH65","B07VPRFWXQ","Punchau Corn Filled Cornhole Bean Bags - Set of 8 Bags for Corn Hole Toss Game - Regulation Size & Weight - 4 Orange and 4 Black","Sports","Punchau","Amazon","48.80","48.80","29.7","28.2","9.1","104.3","centimeters","3483.0","grams","Standard","CAD","23.07","7.32","0.00","--","--","--","15.75"
"SS-PUN-CHC-ORBK","X0029CUH65","B07VPRFWXQ","Punchau Cornhole Bean Bags - Corn Filled Set of 8 Bags for Corn Hole Toss Game - Regulation Size & Weight - 4 Royal Blue and 4 Gray","Sports","Punchau","Amazon","18.99","18.99","11.69","11.1","3.58","41.06","inches","7.68","pounds","UsLargeStandardSize","USD","10.03","2.85","0.00","--","--","--","7.18"
"SS-PUN-CH-BLBK","X0029CRWDL","B07VQWHC41","Punchau Cornhole Bean Bags - Corn Filled Set of 8 Bags for Corn Hole Toss Game - Regulation Size & Weight - 4 Royal Blue and 4 Black","Sports","Punchau","Amazon","42.98","42.98","32.2","26.7","5.9","97.4","centimeters","3467.99","grams","Standard","CAD","22.20","6.45","0.00","--","--","--","15.75"
"SS-PUN-CH-BLBK","X0029CRWDL","B07VQWHC41","Punchau Cornhole Bean Bags - Corn Filled Set of 8 Bags for Corn Hole Toss Game - Regulation Size & Weight - 4 Royal Blue and 4 Black","Sports","Punchau","Amazon","17.30","17.30","12.68","10.51","2.32","38.35","inches","7.65","pounds","UsLargeStandardSize","USD","9.78","2.60","0.00","--","--","--","7.18"
"SS-PUN-CHC-REBK","X0029BTCA3","B07VPRC5GN","Punchau Corn Filled Cornhole Bean Bags - Set of 8 Bags for Corn Hole Toss Game - Regulation Size & Weight - 4 Red and 4 Black","Sports","Punchau","Amazon","48.38","48.38","29.5","27.4","8.9","102.1","centimeters","3474.02","grams","Standard","CAD","23.01","7.26","0.00","--","--","--","15.75"
"SS-PUN-CHC-REBK","X0029BTCA3","B07VPRC5GN","Punchau Cornhole Bean Bags - Corn Filled Set of 8 Bags for Corn Hole Toss Game - Regulation Size & Weight - 4 Red and 4 Black","Sports","Punchau","Amazon","20.99","20.99","11.61","10.79","3.5","40.2","inches","7.66","pounds","UsLargeStandardSize","USD","10.33","3.15","0.00","--","--","--","7.18"
"SS-PUN-CH-ORBL","X0029B1W0B","B07VQWGL3N","Punchau Cornhole Bags - All Weather Set of 8 Corn Hole Bean Bags - Regulation Size & Weight - 4 Orange & 4 Royal Blue","Sports","Punchau","Amazon","47.76","47.76","30.6","26.2","5.7","94.4","centimeters","3464.99","grams","Standard","CAD","22.91","7.16","0.00","--","--","--","15.75"
"SS-PUN-CH-ORBL","X0029B1W0B","B07VQWGL3N","Punchau Cornhole Bags - All Weather Set of 8 Corn Hole Bean Bags - Regulation Size & Weight - 4 Orange & 4 Royal Blue","Sports","Punchau","Amazon","18.49","18.49","12.05","10.32","2.24","37.17","inches","7.64","pounds","UsLargeStandardSize","USD","9.95","2.77","0.00","--","--","--","7.18"
"SS-PUN-CHC-REGR","X0029A32W3","B07VRSYZQR","Punchau Cornhole Bean Bags - Corn Filled Set of 8 Bags for Corn Hole Toss Game - Regulation Size & Weight - 4 Red and 4 Gray","Sports","Punchau","Amazon","47.06","47.06","31.2","27.8","8.8","104.4","centimeters","3476.01","grams","Standard","CAD","22.81","7.06","0.00","--","--","--","15.75"
"SS-PUN-CHC-REGR","X0029A32W3","B07VRSYZQR","Punchau Cornhole Bean Bags - Corn Filled Set of 8 Bags for Corn Hole Toss Game - Regulation Size & Weight - 4 Red and 4 Gray","Sports","Punchau","Amazon","20.99","20.99","12.28","10.94","3.46","41.1","inches","7.66","pounds","UsLargeStandardSize","USD","10.33","3.15","0.00","--","--","--","7.18"
"SS-PUN-CH-SLBK","X0029A32VJ","B07VRVSNGP","Punchau Cornhole Bags - All Weather Set of 8 Corn Hole Bean Bags - Regulation Size & Weight - 4 Silver & 4 Black","Sports","Punchau","Amazon","41.57","41.57","31.0","25.3","5.7","93.0","centimeters","3464.99","grams","Standard","CAD","21.99","6.24","0.00","--","--","--","15.75"
"SS-PUN-CH-SLBK","X0029A32VJ","B07VRVSNGP","Punchau Cornhole Bags - All Weather Set of 8 Corn Hole Bean Bags - Regulation Size & Weight - 4 Silver & 4 Black","Sports","Punchau","Amazon","18.99","18.17","12.2","9.96","2.24","36.61","inches","7.64","pounds","UsLargeStandardSize","USD","9.91","2.73","0.00","--","--","--","7.18"
"SS-PUN-CHC-SLBK","X0029A2Z8P","B07VMNX4ZS","Punchau Cornhole Bean Bags - Corn Filled Set of 8 Bags for Corn Hole Toss Game - Regulation Size & Weight - 4 Silver and 4 Black","Sports","Punchau","Amazon","48.75","48.75","30.6","26.8","10.1","104.4","centimeters","3466.99","grams","Standard","CAD","23.06","7.31","0.00","--","--","--","15.75"
"SS-PUN-CHC-SLBK","X0029A2Z8P","B07VMNX4ZS","Punchau Cornhole Bean Bags - Corn Filled Set of 8 Bags for Corn Hole Toss Game - Regulation Size & Weight - 4 Silver and 4 Black","Sports","Punchau","Amazon","18.99","18.99","12.05","10.55","3.98","41.1","inches","7.64","pounds","UsLargeStandardSize","USD","10.03","2.85","0.00","--","--","--","7.18"
"SS-PUN-CHC-FLAG","X002993QP7","B07VRXZRFQ","Punchau Cornhole Bean Bags - Corn Filled Set of 8 Bags for Corn Hole Toss Game - Regulation Size & Weight - 4 Orange and 4 Black","Sports","Punchau","Amazon","45.02","45.02","30.2","29.0","8.3","104.8","centimeters","3503.0","grams","Standard","CAD","22.50","6.75","0.00","--","--","--","15.75"
"SS-PUN-CHC-FLAG","X002993QP7","B07VRXZRFQ","Punchau Cornhole Bean Bags - Corn Filled Set of 8 Bags for Corn Hole Toss Game - Regulation Size & Weight - 4 Orange and 4 Black","Sports","Punchau","Amazon","21.49","21.49","11.89","11.42","3.27","41.26","inches","7.72","pounds","UsLargeStandardSize","USD","10.40","3.22","0.00","--","--","--","7.18"
"SS-PUN-CH-BLGY","X002993QON","B07VQWH1FX","Punchau Cornhole Bags - All Weather Set of 8 Corn Hole Bean Bags - Regulation Size & Weight - 4 Royal Blue & 4 Gray","Sports","Punchau","Amazon","42.20","42.20","31.7","26.2","5.8","95.7","centimeters","3477.01","grams","Standard","CAD","22.08","6.33","0.00","--","--","--","15.75"
"SS-PUN-CH-BLGY","X002993QON","B07VQWH1FX","Punchau Cornhole Bags - All Weather Set of 8 Corn Hole Bean Bags - Regulation Size & Weight - 4 Royal Blue & 4 Gray","Sports","Punchau","Amazon","18.99","17.99","12.48","10.32","2.28","37.68","inches","7.67","pounds","UsLargeStandardSize","USD","9.88","2.70","0.00","--","--","--","7.18"
"SS-PUN-CHC-REBL","X00298E8DH","B07VPRFZRZ","Punchau Cornhole Bean Bags - Corn Filled Set of 8 Bags for Corn Hole Toss Game - Regulation Size & Weight - 4 Red and 4 Blue","Sports","Punchau","Amazon","48.69","48.69","30.48","25.4","0.51","82.3","centimeters","3446.98","grams","Standard","CAD","23.05","7.30","0.00","--","--","--","15.75"
"SS-PUN-CHC-REBL","X00298E8DH","B07VPRFZRZ","Punchau Cornhole Bean Bags - Corn Filled Set of 8 Bags for Corn Hole Toss Game - Regulation Size & Weight - 4 Red and 4 Blue","Sports","Punchau","Amazon","19.99","19.99","12.0","10.0","0.2","32.4","inches","7.6","pounds","UsLargeStandardSize","USD","10.18","3.00","0.00","--","--","--","7.18"
"SS-PUN-CHC-YEBK","X00298E8D7","B07VMNX7JW","Punchau Corn Filled Cornhole Bean Bags - Set of 8 Bags for Corn Hole Toss Game - Regulation Size & Weight - 4 Yelow and 4 Black","Sports","Punchau","Amazon","41.97","41.97","31.1","28.3","8.9","105.5","centimeters","3482.0","grams","Standard","CAD","22.05","6.30","0.00","--","--","--","15.75"
"SS-PUN-CHC-YEBK","X00298E8D7","B07VMNX7JW","Punchau Cornhole Bean Bags - Corn Filled Set of 8 Bags for Corn Hole Toss Game - Regulation Size & Weight - 4 Yellow and 4 Black","Sports","Punchau","Amazon","17.99","17.99","12.24","11.14","3.5","41.54","inches","7.68","pounds","UsLargeStandardSize","USD","9.88","2.70","0.00","--","--","--","7.18"
"SS-PUN-CHC-BLGY","X00298E4XB","B07VQW7M26","Punchau Cornhole Bean Bags - Corn Filled Set of 8 Bags for Corn Hole Toss Game - Regulation Size & Weight - 4 Stars and 4 Stripes","Sports","Punchau","Amazon","51.53","51.53","30.6","28.3","8.1","103.4","centimeters","3482.0","grams","Standard","CAD","23.48","7.73","0.00","--","--","--","15.75"
"SS-PUN-CHC-BLGY","X00298E4XB","B07VQW7M26","Punchau Cornhole Bean Bags - Corn Filled Set of 8 Bags for Corn Hole Toss Game - Regulation Size & Weight - 4 Stars and 4 Stripes","Sports","Punchau","Amazon","18.49","18.49","12.05","11.14","3.19","40.71","inches","7.68","pounds","UsLargeStandardSize","USD","9.95","2.77","0.00","--","--","--","7.18"
"SS-PUN-CH-REGR","X00298E4X1","B07VRSS85Z","Punchau Cornhole Bags - All Weather Set of 8 Corn Hole Bean Bags - Regulation Size & Weight - 4 Red & 4 Gray","Sports","Punchau","Amazon","50.18","50.18","31.0","25.9","6.1","95.0","centimeters","3447.98","grams","Standard","CAD","23.28","7.53","0.00","--","--","--","15.75"
"SS-PUN-CH-REGR","X00298E4X1","B07VRSS85Z","Punchau Cornhole Bags - All Weather Set of 8 Corn Hole Bean Bags - Regulation Size & Weight - 4 Red & 4 Gray","Sports","Punchau","Amazon","18.49","18.49","12.2","10.2","2.4","37.4","inches","7.6","pounds","UsLargeStandardSize","USD","9.95","2.77","0.00","--","--","--","7.18"
"SS-PUN-CH-REBL","X00298E3LT","B07VNNS8LQ","Punchau Cornhole Bags - All Weather Set of 8 Corn Hole Bean Bags - Regulation Size & Weight - 4 Red & 4 Royal Blue","Sports","Punchau","Amazon","39.98","39.98","31.4","26.5","5.7","95.8","centimeters","3459.0","grams","Standard","CAD","21.75","6.00","0.00","--","--","--","15.75"
"SS-PUN-CH-REBL","X00298E3LT","B07VNNS8LQ","Punchau Cornhole Bags - All Weather Set of 8 Corn Hole Bean Bags - Regulation Size & Weight - 4 Red & 4 Royal Blue","Sports","Punchau","Amazon","23.99","18.99","12.36","10.43","2.24","37.72","inches","7.63","pounds","UsLargeStandardSize","USD","10.03","2.85","0.00","--","--","--","7.18"
"SS-PUN-CHC-BLBK","X00298E3L9","B07VRR4FB3","Punchau Cornhole Bean Bags - Corn Filled Set of 8 Bags for Corn Hole Toss Game - Regulation Size & Weight - 4 Royal Blue and 4 Black","Sports","Punchau","Amazon","47.09","47.09","30.3","27.6","9.3","104.1","centimeters","3485.0","grams","Standard","CAD","22.81","7.06","0.00","--","--","--","15.75"
"SS-PUN-CHC-BLBK","X00298E3L9","B07VRR4FB3","Punchau Cornhole Bean Bags - Corn Filled Set of 8 Bags for Corn Hole Toss Game - Regulation Size & Weight - 4 Royal Blue and 4 Black","Sports","Punchau","Amazon","18.49","18.49","11.93","10.87","3.66","40.98","inches","7.68","pounds","UsLargeStandardSize","USD","9.95","2.77","0.00","--","--","--","7.18"
"SS-PUN-TS-A","X0028ZJ32R","B07VHK1YHG","Punchau Lawn Aerator Shoes w/Metal Buckles and 3 Straps - Heavy Duty Spiked Sandals for Aerating Your Lawn or Yard","Lawn and Garden","Punchau","Amazon","35.28","35.28","30.99","14.73","11.68","83.82","centimeters","1125.0","grams","Standard","CAD","17.04","5.29","0.00","--","--","--","11.75"
"SS-PUN-TS-A","X0028ZJ32R","B07VHK1YHG","Punchau Lawn Aerator Shoes w/Metal Buckles and 3 Straps - Heavy Duty Spiked Sandals for Aerating Your Lawn or Yard","Lawn and Garden","Punchau","Amazon","14.99","14.99","12.2","5.8","4.6","33.0","inches","2.48","pounds","UsLargeStandardSize","USD","7.93","2.25","0.00","--","--","--","5.68"
"SS-PUN-TS-HD","X0025CP6N3","B07RG67T12","Punchau Lawn Aerator Shoes with Hook and Loop Fastener and 3 Straps - New Heavy Duty Spiked Aerating Sandals with Upgraded Soles and Straps for Aerating Your Lawn or Yard","Lawn and Garden","Punchau","Amazon","37.30","37.30","30.99","14.22","10.41","80.26","centimeters","1133.98","grams","Standard","CAD","17.35","5.60","0.00","--","--","--","11.75"
"SS-PUN-TS-HD","X0025CP6N3","B07RG67T12","Punchau Lawn Aerator Shoes with Hook and Loop Fastener and 3 Straps - New Heavy Duty Spiked Aerating Sandals with Upgraded Soles and Straps for Aerating Your Lawn or Yard","Lawn and Garden","Punchau","Amazon","17.99","17.99","12.2","5.6","4.1","31.6","inches","2.5","pounds","UsLargeStandardSize","USD","8.38","2.70","0.00","--","--","--","5.68"
"SS-DD-ORGANIC-FITTED-MINI-CRIB-182438E","X002476CD7","B01865W7P6","Organic, Waterproof Natural Quilted Fitted Portable/Mini Crib Pad Cover","Home","Dry Defender","Amazon","28.90","28.90","12.0","8.9","3.0","35.8","inches","0.8","pounds","UsLargeStandardSize","USD","10.02","4.34","0.00","--","--","--","5.68"
"SS-DD-ORGANIC-FITTED-CRIB-182852E","X002476AT3","B01865W6R0","""Organic Cotton Waterproof Fitted Crib Pad - Natural Baby Crib Mattress Cover & Protector - Unbleached, Non-Toxic & Hypoallergenic (28"""" x 52"""" x 7"""")""","Home","Dry Defender","Amazon","26.99","26.99","12.91","8.35","3.39","36.39","inches","1.15","pounds","UsLargeStandardSize","USD","9.73","4.05","0.00","--","--","--","5.68"
"SS-DD-ORGANIC-FITTED-MATTRESS-182739E","X00243CLJP","B01865W8OG","Organic, Cotton Quilted Pack 'n Play Size Fitted Mattress Pad Cover, Natural","Home","Dry Defender","Amazon","20.99","20.99","12.6","8.1","2.7","34.2","inches","0.55","pounds","UsLargeStandardSize","USD","6.79","3.15","0.00","--","--","--","3.64"
"SS-PUN-TS","X0022WNALV","B00ZVKCSGI","Punchau Lawn Aerator Shoes w/Metal Buckles and 3 Straps - Heavy Duty Spiked Sandals for Aerating Your Lawn or Yard","Lawn and Garden","Punchau","Amazon","39.79","39.79","30.99","13.97","10.41","79.76","centimeters","1110.98","grams","Standard","CAD","17.72","5.97","0.00","--","--","--","11.75"
"SS-PUN-TS","X0022WNALV","B00ZVKCSGI","Punchau Lawn Aerator Shoes w/Metal Buckles and 3 Straps - Heavy Duty Spiked Sandals for Aerating Your Lawn or Yard","Lawn and Garden","Punchau","Amazon","14.99","14.99","12.2","5.5","4.1","31.4","inches","2.45","pounds","UsLargeStandardSize","USD","7.93","2.25","0.00","--","--","--","5.68"
"SS-HC-BLOCKING9G","X0022VQU23","B0767HV4M6","Hephaestus Crafts Blocking Mats for Knitting - Pack of 9 GRAY Blocking Boards with Grids for Needlepoint or Crochet. 150 T-pins","Home","Hephaestus","Amazon","23.99","23.99","13.35","12.4","3.9","45.95","inches","1.54","pounds","UsLargeStandardSize","USD","9.88","3.60","0.00","--","--","--","6.28"
"SS-DD-WM17X24-FBA-3PK-BG","X00229KGOD","B07N1RPQFD","3 Pack of Washable Bed Pads for Incontinence, 17x24 Inches - Reusable Waterproof Mattress Sheet Protector Underpads for Kids, Adults or Pets","Health & Personal Care","Dry Defender","Amazon","30.80","30.80","30.73","21.59","3.56","81.03","centimeters","454.0","grams","Standard","CAD","15.57","4.62","0.00","--","--","--","10.95"
"SS-DD-WM17X24-FBA-3PK-BG","X00229KGOD","B07N1RPQFD","Dry Defender Waterproof Bed Pads for Incontinence - Absorbent Washable Underpad - Mattress Pads for Kids or Adults - Flat, 17x24 Inch (Pack of 3)","Health & Personal Care","Dry Defender","Amazon","17.99","17.99","12.1","8.5","1.4","31.9","inches","1.0","pounds","UsLargeStandardSize","USD","7.65","2.70","0.00","--","--","--","4.95"
"SS-DD-WM17X24-FBA-BG","X00229KGAH","B07N1X3X5Q","Washable Bed Pad for Incontinence, 17x24 Inches - Reusable Waterproof Mattress Sheet Protector Underpad for Kids, Adults or Pets","Health & Personal Care","Dry Defender","Amazon","14.92","14.92","30.99","22.2","1.7","78.79","centimeters","191.01","grams","Envelope","CAD","8.16","1.19","0.00","--","--","--","6.97"
"SS-DD-WM17X24-FBA-BG","X00229KGAH","B07N1X3X5Q","Dry Defender Waterproof Bed Pads for Incontinence - Absorbent Washable Underpad - Mattress Pads for Kids or Adults - Flat, 17x24 Inch (Pack of 1)","Health & Personal Care","Dry Defender","Amazon","8.99","8.99","12.2","8.74","0.67","31.02","inches","0.42","pounds","UsSmallStandardSize","USD","3.56","0.72","0.00","--","--","--","2.84"
"SS-DD-WMXL-TUCK-FBA-BG","X00229JY2X","B00KGGT98M","Washable Waterproof Mattress Sheet Protector Bed Extra Large Underpad - 36in x 70in with Tuck-in Tails","Health & Personal Care","Dry Defender","Amazon","47.39","47.39","43.69","31.5","4.57","115.82","centimeters","1020.99","grams","Standard","CAD","19.66","7.11","0.00","--","--","--","12.55"
"SS-DD-WMXL-TUCK-FBA-BG","X00229JY2X","B00KGGT98M","Dry Defender Waterproof Bed Pads for Incontinence - Absorbent Washable Underpad - Mattress Pads for Kids or Adults - Tuck in Tails, 36x70 Inch (Pack of 1)","Health & Personal Care","Dry Defender","Amazon","24.99","24.99","17.2","12.4","1.8","45.6","inches","2.25","pounds","UsLargeStandardSize","USD","9.43","3.75","0.00","--","--","--","5.68"
"SS-DD-WMOL-FBA-BG","X00228M7XH","B00070QHEQ","Waterproof Bed Pad, 34 x 52 Inches - Super Absorbent Large Mattress Sheet Protector Underpad","Health & Personal Care","Dry Defender","Amazon","17.99","17.99","14.0","11.4","1.55","39.9","inches","1.4","pounds","UsLargeStandardSize","USD","7.65","2.70","0.00","--","--","--","4.95"
"SS-DD-WMS1-FBA-2PK","X00228M575","B07N1X825J","2 Pack of Waterproof Saddle Underpads with Tuck-in Tails, 34x36 Inches - Washable Incontinence Bed Pads for Kids, Adults or Pets","Health & Personal Care","Dry Defender","Amazon","42.00","42.00","30.48","29.46","4.57","98.55","centimeters","1179.02","grams","Standard","CAD","18.05","6.30","0.00","--","--","--","11.75"
"SS-DD-WMS1-FBA-2PK","X00228M575","B07N1X825J","Dry Defender Waterproof Bed Pads for Incontinence - Absorbent Washable Underpad - Mattress Pads for Kids or Adults - Tuck in Tails, 34x36 Inch (Pack of 2)","Health & Personal Care","Dry Defender","Amazon","27.00","27.00","12.0","11.6","1.8","38.8","inches","2.6","pounds","UsLargeStandardSize","USD","9.73","4.05","0.00","--","--","--","5.68"
"SS-DD-WMO1-FBA-4PK-BG","X00228M2PZ","B07N1WNB4H","Dry Defender Waterproof Bed Pads for Incontinence - Absorbent Washable Underpad - Mattress Pads for Kids or Adults - Flat, 34x36 Inch (Pack of 4)","Health & Personal Care","Dry Defender","Amazon","38.99","38.99","13.03","12.6","3.43","45.09","inches","3.81","pounds","UsLargeStandardSize","USD","12.13","5.85","0.00","--","--","--","6.28"
"SS-DD-WMOL-FBA-2PK-BG","X00228M1CJ","B07N1XK288","2 Pack of Waterproof Bed Pads, 34 x 52 Inches - Super Absorbent Large Mattress Sheet Protector Underpads","Health & Personal Care","Dry Defender","Amazon","47.84","47.84","34.01","30.3","6.2","107.01","centimeters","1301.99","grams","Standard","CAD","19.73","7.18","0.00","--","--","--","12.55"
"SS-DD-WMOL-FBA-2PK-BG","X00228M1CJ","B07N1XK288","Dry Defender Waterproof Bed Pads for Incontinence - Absorbent Washable Underpad - Mattress Pads for Kids or Adults - Flat, 34x52 Inch (Pack of 2)","Health & Personal Care","Dry Defender","Amazon","34.99","34.99","13.39","11.93","2.44","42.13","inches","2.87","pounds","UsLargeStandardSize","USD","10.93","5.25","0.00","--","--","--","5.68"
"SS-DD-WMXL-BG","X00228LONB","B000U5ECDQ","""Quilted Waterproof Mattress Overlay Pad - Extra Large Flat 36x70""""""","Health & Personal Care","Dry Defender","Amazon","45.29","45.29","46.0","32.28","4.6","119.76","centimeters","930.0","grams","Oversize","CAD","26.22","6.79","0.00","--","--","--","19.43"
"SS-DD-WMXL-BG","X00228LONB","B000U5ECDQ","""Quilted Waterproof Mattress Overlay Pad - Extra Large Flat 36x70 """"""","Health & Personal Care","Dry Defender","Amazon","25.99","25.99","18.11","12.71","1.81","47.15","inches","2.05","pounds","UsSmallOversize","USD","13.70","3.90","0.00","--","--","--","9.80"
"SS-DD-WMS3-FBA-BG","X00227SCSH","B00IOQLOXY","Washable Waterproof Mattress Sheet Protector Bed Underpad - Large 36 x 54 inches with Tuck-Ins - Waterproof Mattress Cover","Health & Personal Care","Dry Defender","Amazon","37.13","37.13","35.1","30.0","4.5","104.09","centimeters","839.01","grams","Standard","CAD","17.32","5.57","0.00","--","--","--","11.75"
"SS-DD-WMS3-FBA-BG","X00227SCSH","B00IOQLOXY","Dry Defender Waterproof Bed Pads for Incontinence - Absorbent Washable Underpad - Mattress Pads for Kids or Adults - Tuck in Tails, 34x52 Inch (Pack of 1)","Health & Personal Care","Dry Defender","Amazon","19.99","19.99","13.82","11.81","1.77","40.98","inches","1.85","pounds","UsLargeStandardSize","USD","8.68","3.00","0.00","--","--","--","5.68"
"SS-DD-WMCP-FBA-BG","X00226NJ3L","B00IOQLNGW","Waterproof Mattress Sheet Protector Bed Underpad - Super Absorbent 24 x 36","Health & Personal Care","Dry Defender","Amazon","21.92","21.92","29.72","21.59","4.06","81.03","centimeters","294.84","grams","Standard","CAD","11.67","3.29","0.00","--","--","--","8.38"
"SS-DD-WMCP-FBA-BG","X00226NJ3L","B00IOQLNGW","Waterproof Mattress Sheet Protector Bed Underpad - Super Absorbent 24 x 36","Health & Personal Care","Dry Defender","Amazon","10.99","10.99","11.7","8.5","1.6","31.9","inches","0.65","pounds","UsLargeStandardSize","USD","5.29","1.65","0.00","--","--","--","3.64"
"SS-DD-WMS1-FBA-BG","X00224VONF","B001T4UNNU","BARGOOSE Dry Defender Waterproof Saddle Pad with Tuck-in Tails- 34 x 36","Baby","BARGOOSE","Amazon","26.75","26.75","28.7","22.35","5.59","84.58","centimeters","521.63","grams","Standard","CAD","14.96","4.01","0.00","--","--","--","10.95"
"SS-DD-WMS1-FBA-BG","X00224VONF","B001T4UNNU","Dry Defender Waterproof Bed Pads for Incontinence - Absorbent Washable Underpad - Mattress Pads for Kids or Adults - Tuck in Tails, 34x36 Inch (Pack of 1)","Health & Personal Care","Dry Defender","Amazon","15.99","15.99","11.3","8.8","2.2","33.3","inches","1.15","pounds","UsLargeStandardSize","USD","7.35","2.40","0.00","--","--","--","4.95"
"SS-DD-WMCP-FBA-3PK-BG","X00224VH0P","B07N1WGLKP","Waterproof Mattress Sheet Protector 3 Pack - Super Absorbent Bed Underpads 24x36 inches","Health & Personal Care","Dry Defender","Amazon","42.56","42.56","34.19","32.0","4.9","108.0","centimeters","938.98","grams","Standard","CAD","18.13","6.38","0.00","--","--","--","11.75"
"SS-DD-WMCP-FBA-3PK-BG","X00224VH0P","B07N1WGLKP","Dry Defender Waterproof Bed Pads for Incontinence - Absorbent Washable Underpad - Mattress Pads for Kids or Adults - Flat, 24x36 Inch (Pack of 3)","Health & Personal Care","Dry Defender","Amazon","24.99","24.99","13.46","12.6","1.93","42.52","inches","2.07","pounds","UsLargeStandardSize","USD","9.43","3.75","0.00","--","--","--","5.68"
